id,個案研判日,個案公佈日,縣市別,區域,新增確診人數,累計確診人數
45,2022-06-09,2022-06-09,台北市,全區,4891,311245
46,2022-06-09,2022-06-09,台北市,北投區,503,33001
47,2022-06-09,2022-06-09,台北市,文山區,550,32507
48,2022-06-09,2022-06-09,台北市,士林區,450,32484
49,2022-06-09,2022-06-09,台北市,萬華區,341,32145
50,2022-06-09,2022-06-09,台北市,內湖區,527,31635
51,2022-06-09,2022-06-09,台北市,信義區,468,27941
52,2022-06-09,2022-06-09,台北市,中山區,441,27678
53,2022-06-09,2022-06-09,台北市,大安區,463,26168
54,2022-06-09,2022-06-09,台北市,松山區,361,20342
55,2022-06-09,2022-06-09,台北市,大同區,274,16785
56,2022-06-09,2022-06-09,台北市,南港區,269,16165
57,2022-06-09,2022-06-09,台北市,中正區,244,14394
435,2022-06-08,2022-06-08,台北市,全區,4833,306354
436,2022-06-08,2022-06-08,台北市,北投區,532,32498
437,2022-06-08,2022-06-08,台北市,士林區,411,32034
438,2022-06-08,2022-06-08,台北市,文山區,439,31957
439,2022-06-08,2022-06-08,台北市,萬華區,359,31804
440,2022-06-08,2022-06-08,台北市,內湖區,682,31108
441,2022-06-08,2022-06-08,台北市,信義區,521,27473
442,2022-06-08,2022-06-08,台北市,中山區,457,27237
443,2022-06-08,2022-06-08,台北市,大安區,432,25705
444,2022-06-08,2022-06-08,台北市,松山區,318,19981
445,2022-06-08,2022-06-08,台北市,大同區,247,16511
446,2022-06-08,2022-06-08,台北市,南港區,229,15896
447,2022-06-08,2022-06-08,台北市,中正區,206,14150
823,2022-06-07,2022-06-07,台北市,全區,4753,301521
824,2022-06-07,2022-06-07,台北市,北投區,529,31966
825,2022-06-07,2022-06-07,台北市,士林區,470,31623
826,2022-06-07,2022-06-07,台北市,文山區,461,31518
827,2022-06-07,2022-06-07,台北市,萬華區,321,31445
828,2022-06-07,2022-06-07,台北市,內湖區,607,30426
829,2022-06-07,2022-06-07,台北市,信義區,496,26952
830,2022-06-07,2022-06-07,台北市,中山區,432,26780
831,2022-06-07,2022-06-07,台北市,大安區,368,25273
832,2022-06-07,2022-06-07,台北市,松山區,349,19663
833,2022-06-07,2022-06-07,台北市,大同區,254,16264
834,2022-06-07,2022-06-07,台北市,南港區,258,15667
835,2022-06-07,2022-06-07,台北市,中正區,208,13944
1214,2022-06-06,2022-06-06,台北市,全區,4982,296768
1215,2022-06-06,2022-06-06,台北市,北投區,588,31437
1216,2022-06-06,2022-06-06,台北市,士林區,553,31153
1217,2022-06-06,2022-06-06,台北市,萬華區,353,31124
1218,2022-06-06,2022-06-06,台北市,文山區,496,31057
1219,2022-06-06,2022-06-06,台北市,內湖區,534,29819
1220,2022-06-06,2022-06-06,台北市,信義區,543,26456
1221,2022-06-06,2022-06-06,台北市,中山區,460,26348
1222,2022-06-06,2022-06-06,台北市,大安區,395,24905
1223,2022-06-06,2022-06-06,台北市,松山區,358,19314
1224,2022-06-06,2022-06-06,台北市,大同區,208,16010
1225,2022-06-06,2022-06-06,台北市,南港區,278,15409
1226,2022-06-06,2022-06-06,台北市,中正區,216,13736
1604,2022-06-05,2022-06-05,台北市,全區,3192,291786
1605,2022-06-05,2022-06-05,台北市,北投區,341,30849
1606,2022-06-05,2022-06-05,台北市,萬華區,267,30771
1607,2022-06-05,2022-06-05,台北市,士林區,377,30600
1608,2022-06-05,2022-06-05,台北市,文山區,301,30561
1609,2022-06-05,2022-06-05,台北市,內湖區,431,29285
1610,2022-06-05,2022-06-05,台北市,信義區,319,25913
1611,2022-06-05,2022-06-05,台北市,中山區,251,25888
1612,2022-06-05,2022-06-05,台北市,大安區,222,24510
1613,2022-06-05,2022-06-05,台北市,松山區,199,18956
1614,2022-06-05,2022-06-05,台北市,大同區,155,15802
1615,2022-06-05,2022-06-05,台北市,南港區,198,15131
1616,2022-06-05,2022-06-05,台北市,中正區,131,13520
1992,2022-06-04,2022-06-04,台北市,全區,3758,288594
1993,2022-06-04,2022-06-04,台北市,北投區,467,30508
1994,2022-06-04,2022-06-04,台北市,萬華區,247,30504
1995,2022-06-04,2022-06-04,台北市,文山區,401,30260
1996,2022-06-04,2022-06-04,台北市,士林區,387,30223
1997,2022-06-04,2022-06-04,台北市,內湖區,321,28854
1998,2022-06-04,2022-06-04,台北市,中山區,380,25637
1999,2022-06-04,2022-06-04,台北市,信義區,391,25594
2000,2022-06-04,2022-06-04,台北市,大安區,357,24288
2001,2022-06-04,2022-06-04,台北市,松山區,273,18757
2002,2022-06-04,2022-06-04,台北市,大同區,205,15647
2003,2022-06-04,2022-06-04,台北市,南港區,182,14933
2004,2022-06-04,2022-06-04,台北市,中正區,147,13389
2380,2022-06-03,2022-06-03,台北市,全區,4447,284836
2381,2022-06-03,2022-06-03,台北市,萬華區,301,30257
2382,2022-06-03,2022-06-03,台北市,北投區,474,30041
2383,2022-06-03,2022-06-03,台北市,文山區,435,29859
2384,2022-06-03,2022-06-03,台北市,士林區,454,29836
2385,2022-06-03,2022-06-03,台北市,內湖區,589,28533
2386,2022-06-03,2022-06-03,台北市,中山區,366,25257
2387,2022-06-03,2022-06-03,台北市,信義區,450,25203
2388,2022-06-03,2022-06-03,台北市,大安區,338,23931
2389,2022-06-03,2022-06-03,台北市,松山區,347,18484
2390,2022-06-03,2022-06-03,台北市,大同區,233,15442
2391,2022-06-03,2022-06-03,台北市,南港區,274,14751
2392,2022-06-03,2022-06-03,台北市,中正區,186,13242
2771,2022-06-02,2022-06-02,台北市,全區,5216,280389
2772,2022-06-02,2022-06-02,台北市,萬華區,388,29956
2773,2022-06-02,2022-06-02,台北市,北投區,526,29567
2774,2022-06-02,2022-06-02,台北市,文山區,479,29424
2775,2022-06-02,2022-06-02,台北市,士林區,594,29382
2776,2022-06-02,2022-06-02,台北市,內湖區,638,27944
2777,2022-06-02,2022-06-02,台北市,中山區,468,24891
2778,2022-06-02,2022-06-02,台北市,信義區,487,24753
2779,2022-06-02,2022-06-02,台北市,大安區,457,23593
2780,2022-06-02,2022-06-02,台北市,松山區,382,18137
2781,2022-06-02,2022-06-02,台北市,大同區,286,15209
2782,2022-06-02,2022-06-02,台北市,南港區,278,14477
2783,2022-06-02,2022-06-02,台北市,中正區,233,13056
3160,2022-06-01,2022-06-01,台北市,全區,5267,275173
3161,2022-06-01,2022-06-01,台北市,萬華區,383,29568
3162,2022-06-01,2022-06-01,台北市,北投區,537,29041
3163,2022-06-01,2022-06-01,台北市,文山區,527,28945
3164,2022-06-01,2022-06-01,台北市,士林區,558,28788
3165,2022-06-01,2022-06-01,台北市,內湖區,623,27306
3166,2022-06-01,2022-06-01,台北市,中山區,460,24423
3167,2022-06-01,2022-06-01,台北市,信義區,548,24266
3168,2022-06-01,2022-06-01,台北市,大安區,456,23136
3169,2022-06-01,2022-06-01,台北市,松山區,355,17755
3170,2022-06-01,2022-06-01,台北市,大同區,304,14923
3171,2022-06-01,2022-06-01,台北市,南港區,275,14199
3172,2022-06-01,2022-06-01,台北市,中正區,241,12823
3550,2022-05-31,2022-05-31,台北市,全區,6359,269906
3551,2022-05-31,2022-05-31,台北市,萬華區,357,29185
3552,2022-05-31,2022-05-31,台北市,北投區,699,28504
3553,2022-05-31,2022-05-31,台北市,文山區,549,28418
3554,2022-05-31,2022-05-31,台北市,士林區,761,28230
3555,2022-05-31,2022-05-31,台北市,內湖區,789,26683
3556,2022-05-31,2022-05-31,台北市,中山區,579,23963
3557,2022-05-31,2022-05-31,台北市,信義區,630,23718
3558,2022-05-31,2022-05-31,台北市,大安區,534,22680
3559,2022-05-31,2022-05-31,台北市,松山區,498,17400
3560,2022-05-31,2022-05-31,台北市,大同區,364,14619
3561,2022-05-31,2022-05-31,台北市,南港區,339,13924
3562,2022-05-31,2022-05-31,台北市,中正區,260,12582
3941,2022-05-30,2022-05-30,台北市,全區,5730,263547
3942,2022-05-30,2022-05-30,台北市,萬華區,392,28828
3943,2022-05-30,2022-05-30,台北市,文山區,609,27869
3944,2022-05-30,2022-05-30,台北市,北投區,620,27805
3945,2022-05-30,2022-05-30,台北市,士林區,601,27469
3946,2022-05-30,2022-05-30,台北市,內湖區,678,25894
3947,2022-05-30,2022-05-30,台北市,中山區,470,23384
3948,2022-05-30,2022-05-30,台北市,信義區,567,23088
3949,2022-05-30,2022-05-30,台北市,大安區,506,22146
3950,2022-05-30,2022-05-30,台北市,松山區,453,16902
3951,2022-05-30,2022-05-30,台北市,大同區,249,14255
3952,2022-05-30,2022-05-30,台北市,南港區,333,13585
3953,2022-05-30,2022-05-30,台北市,中正區,252,12322
4330,2022-05-29,2022-05-29,台北市,全區,4934,257817
4331,2022-05-29,2022-05-29,台北市,萬華區,405,28436
4332,2022-05-29,2022-05-29,台北市,文山區,478,27260
4333,2022-05-29,2022-05-29,台北市,北投區,558,27185
4334,2022-05-29,2022-05-29,台北市,士林區,570,26868
4335,2022-05-29,2022-05-29,台北市,內湖區,532,25216
4336,2022-05-29,2022-05-29,台北市,中山區,425,22914
4337,2022-05-29,2022-05-29,台北市,信義區,449,22521
4338,2022-05-29,2022-05-29,台北市,大安區,425,21640
4339,2022-05-29,2022-05-29,台北市,松山區,328,16449
4340,2022-05-29,2022-05-29,台北市,大同區,229,14006
4341,2022-05-29,2022-05-29,台北市,南港區,285,13252
4342,2022-05-29,2022-05-29,台北市,中正區,250,12070
4720,2022-05-28,2022-05-28,台北市,全區,6395,252883
4721,2022-05-28,2022-05-28,台北市,萬華區,438,28031
4722,2022-05-28,2022-05-28,台北市,文山區,647,26782
4723,2022-05-28,2022-05-28,台北市,北投區,726,26627
4724,2022-05-28,2022-05-28,台北市,士林區,715,26298
4725,2022-05-28,2022-05-28,台北市,內湖區,764,24684
4726,2022-05-28,2022-05-28,台北市,中山區,562,22489
4727,2022-05-28,2022-05-28,台北市,信義區,614,22072
4728,2022-05-28,2022-05-28,台北市,大安區,548,21215
4729,2022-05-28,2022-05-28,台北市,松山區,431,16121
4730,2022-05-28,2022-05-28,台北市,大同區,297,13777
4731,2022-05-28,2022-05-28,台北市,南港區,367,12967
4732,2022-05-28,2022-05-28,台北市,中正區,286,11820
5109,2022-05-27,2022-05-27,台北市,全區,7081,246488
5110,2022-05-27,2022-05-27,台北市,萬華區,612,27593
5111,2022-05-27,2022-05-27,台北市,文山區,574,26135
5112,2022-05-27,2022-05-27,台北市,北投區,853,25901
5113,2022-05-27,2022-05-27,台北市,士林區,676,25583
5114,2022-05-27,2022-05-27,台北市,內湖區,902,23920
5115,2022-05-27,2022-05-27,台北市,中山區,640,21927
5116,2022-05-27,2022-05-27,台北市,信義區,623,21458
5117,2022-05-27,2022-05-27,台北市,大安區,625,20667
5118,2022-05-27,2022-05-27,台北市,松山區,473,15690
5119,2022-05-27,2022-05-27,台北市,大同區,412,13480
5120,2022-05-27,2022-05-27,台北市,南港區,403,12600
5121,2022-05-27,2022-05-27,台北市,中正區,288,11534
5499,2022-05-26,2022-05-26,台北市,全區,8137,239407
5500,2022-05-26,2022-05-26,台北市,萬華區,615,26981
5501,2022-05-26,2022-05-26,台北市,文山區,817,25561
5502,2022-05-26,2022-05-26,台北市,北投區,756,25048
5503,2022-05-26,2022-05-26,台北市,士林區,731,24907
5504,2022-05-26,2022-05-26,台北市,內湖區,1064,23018
5505,2022-05-26,2022-05-26,台北市,中山區,736,21287
5506,2022-05-26,2022-05-26,台北市,信義區,819,20835
5507,2022-05-26,2022-05-26,台北市,大安區,690,20042
5508,2022-05-26,2022-05-26,台北市,松山區,643,15217
5509,2022-05-26,2022-05-26,台北市,大同區,389,13068
5510,2022-05-26,2022-05-26,台北市,南港區,534,12197
5511,2022-05-26,2022-05-26,台北市,中正區,343,11246
5890,2022-05-25,2022-05-25,台北市,全區,8029,231270
5891,2022-05-25,2022-05-25,台北市,萬華區,659,26366
5892,2022-05-25,2022-05-25,台北市,文山區,889,24744
5893,2022-05-25,2022-05-25,台北市,北投區,846,24292
5894,2022-05-25,2022-05-25,台北市,士林區,738,24176
5895,2022-05-25,2022-05-25,台北市,內湖區,1101,21954
5896,2022-05-25,2022-05-25,台北市,中山區,747,20551
5897,2022-05-25,2022-05-25,台北市,信義區,716,20016
5898,2022-05-25,2022-05-25,台北市,大安區,581,19352
5899,2022-05-25,2022-05-25,台北市,松山區,533,14574
5900,2022-05-25,2022-05-25,台北市,大同區,409,12679
5901,2022-05-25,2022-05-25,台北市,南港區,452,11663
5902,2022-05-25,2022-05-25,台北市,中正區,358,10903
6277,2022-05-24,2022-05-24,台北市,全區,7976,223241
6278,2022-05-24,2022-05-24,台北市,萬華區,668,25707
6279,2022-05-24,2022-05-24,台北市,文山區,916,23855
6280,2022-05-24,2022-05-24,台北市,北投區,830,23446
6281,2022-05-24,2022-05-24,台北市,士林區,944,23438
6282,2022-05-24,2022-05-24,台北市,內湖區,923,20853
6283,2022-05-24,2022-05-24,台北市,中山區,628,19804
6284,2022-05-24,2022-05-24,台北市,信義區,620,19300
6285,2022-05-24,2022-05-24,台北市,大安區,664,18771
6286,2022-05-24,2022-05-24,台北市,松山區,579,14041
6287,2022-05-24,2022-05-24,台北市,大同區,433,12270
6288,2022-05-24,2022-05-24,台北市,南港區,396,11211
6289,2022-05-24,2022-05-24,台北市,中正區,375,10545
6663,2022-05-23,2022-05-23,台北市,全區,7675,215265
6664,2022-05-23,2022-05-23,台北市,萬華區,681,25039
6665,2022-05-23,2022-05-23,台北市,文山區,671,22939
6666,2022-05-23,2022-05-23,台北市,北投區,967,22616
6667,2022-05-23,2022-05-23,台北市,士林區,951,22494
6668,2022-05-23,2022-05-23,台北市,內湖區,657,19930
6669,2022-05-23,2022-05-23,台北市,中山區,507,19176
6670,2022-05-23,2022-05-23,台北市,信義區,959,18680
6671,2022-05-23,2022-05-23,台北市,大安區,668,18107
6672,2022-05-23,2022-05-23,台北市,松山區,434,13462
6673,2022-05-23,2022-05-23,台北市,大同區,355,11837
6674,2022-05-23,2022-05-23,台北市,南港區,480,10815
6675,2022-05-23,2022-05-23,台北市,中正區,345,10170
7053,2022-05-22,2022-05-22,台北市,全區,6481,207590
7054,2022-05-22,2022-05-22,台北市,萬華區,579,24358
7055,2022-05-22,2022-05-22,台北市,文山區,677,22268
7056,2022-05-22,2022-05-22,台北市,北投區,619,21649
7057,2022-05-22,2022-05-22,台北市,士林區,641,21543
7058,2022-05-22,2022-05-22,台北市,內湖區,724,19273
7059,2022-05-22,2022-05-22,台北市,中山區,583,18669
7060,2022-05-22,2022-05-22,台北市,信義區,589,17721
7061,2022-05-22,2022-05-22,台北市,大安區,526,17439
7062,2022-05-22,2022-05-22,台北市,松山區,447,13028
7063,2022-05-22,2022-05-22,台北市,大同區,365,11482
7064,2022-05-22,2022-05-22,台北市,南港區,409,10335
7065,2022-05-22,2022-05-22,台北市,中正區,322,9825
7440,2022-05-21,2022-05-21,台北市,全區,8704,201109
7441,2022-05-21,2022-05-21,台北市,萬華區,828,23779
7442,2022-05-21,2022-05-21,台北市,文山區,894,21591
7443,2022-05-21,2022-05-21,台北市,北投區,1007,21030
7444,2022-05-21,2022-05-21,台北市,士林區,771,20902
7445,2022-05-21,2022-05-21,台北市,內湖區,945,18549
7446,2022-05-21,2022-05-21,台北市,中山區,734,18086
7447,2022-05-21,2022-05-21,台北市,信義區,806,17132
7448,2022-05-21,2022-05-21,台北市,大安區,695,16913
7449,2022-05-21,2022-05-21,台北市,松山區,619,12581
7450,2022-05-21,2022-05-21,台北市,大同區,484,11117
7451,2022-05-21,2022-05-21,台北市,南港區,512,9926
7452,2022-05-21,2022-05-21,台北市,中正區,409,9503
7824,2022-05-20,2022-05-20,台北市,全區,9579,192405
7825,2022-05-20,2022-05-20,台北市,萬華區,987,22951
7826,2022-05-20,2022-05-20,台北市,文山區,928,20697
7827,2022-05-20,2022-05-20,台北市,士林區,1241,20131
7828,2022-05-20,2022-05-20,台北市,北投區,1065,20023
7829,2022-05-20,2022-05-20,台北市,內湖區,910,17604
7830,2022-05-20,2022-05-20,台北市,中山區,728,17352
7831,2022-05-20,2022-05-20,台北市,信義區,922,16326
7832,2022-05-20,2022-05-20,台北市,大安區,767,16218
7833,2022-05-20,2022-05-20,台北市,松山區,676,11962
7834,2022-05-20,2022-05-20,台北市,大同區,422,10633
7835,2022-05-20,2022-05-20,台北市,南港區,510,9414
7836,2022-05-20,2022-05-20,台北市,中正區,423,9094
8210,2022-05-19,2022-05-19,台北市,全區,10207,182826
8211,2022-05-19,2022-05-19,台北市,萬華區,900,21964
8212,2022-05-19,2022-05-19,台北市,文山區,960,19769
8213,2022-05-19,2022-05-19,台北市,北投區,1152,18958
8214,2022-05-19,2022-05-19,台北市,士林區,1169,18890
8215,2022-05-19,2022-05-19,台北市,內湖區,1106,16694
8216,2022-05-19,2022-05-19,台北市,中山區,892,16624
8217,2022-05-19,2022-05-19,台北市,大安區,807,15451
8218,2022-05-19,2022-05-19,台北市,信義區,913,15404
8219,2022-05-19,2022-05-19,台北市,松山區,692,11286
8220,2022-05-19,2022-05-19,台北市,大同區,606,10211
8221,2022-05-19,2022-05-19,台北市,南港區,579,8904
8222,2022-05-19,2022-05-19,台北市,中正區,431,8671
8597,2022-05-18,2022-05-18,台北市,全區,11167,172619
8598,2022-05-18,2022-05-18,台北市,萬華區,895,21064
8599,2022-05-18,2022-05-18,台北市,文山區,1148,18809
8600,2022-05-18,2022-05-18,台北市,北投區,1256,17806
8601,2022-05-18,2022-05-18,台北市,士林區,1220,17721
8602,2022-05-18,2022-05-18,台北市,中山區,1071,15732
8603,2022-05-18,2022-05-18,台北市,內湖區,1299,15588
8604,2022-05-18,2022-05-18,台北市,大安區,928,14644
8605,2022-05-18,2022-05-18,台北市,信義區,950,14491
8606,2022-05-18,2022-05-18,台北市,松山區,707,10594
8607,2022-05-18,2022-05-18,台北市,大同區,532,9605
8608,2022-05-18,2022-05-18,台北市,南港區,588,8325
8609,2022-05-18,2022-05-18,台北市,中正區,573,8240
8986,2022-05-17,2022-05-17,台北市,全區,10941,161452
8987,2022-05-17,2022-05-17,台北市,萬華區,1081,20169
8988,2022-05-17,2022-05-17,台北市,文山區,1194,17661
8989,2022-05-17,2022-05-17,台北市,北投區,1285,16550
8990,2022-05-17,2022-05-17,台北市,士林區,1170,16501
8991,2022-05-17,2022-05-17,台北市,中山區,916,14661
8992,2022-05-17,2022-05-17,台北市,內湖區,1080,14289
8993,2022-05-17,2022-05-17,台北市,大安區,876,13716
8994,2022-05-17,2022-05-17,台北市,信義區,971,13541
8995,2022-05-17,2022-05-17,台北市,松山區,653,9887
8996,2022-05-17,2022-05-17,台北市,大同區,598,9073
8997,2022-05-17,2022-05-17,台北市,南港區,591,7737
8998,2022-05-17,2022-05-17,台北市,中正區,526,7667
9375,2022-05-16,2022-05-16,台北市,全區,9077,150511
9376,2022-05-16,2022-05-16,台北市,萬華區,1025,19088
9377,2022-05-16,2022-05-16,台北市,文山區,894,16467
9378,2022-05-16,2022-05-16,台北市,士林區,1036,15331
9379,2022-05-16,2022-05-16,台北市,北投區,1128,15265
9380,2022-05-16,2022-05-16,台北市,中山區,777,13745
9381,2022-05-16,2022-05-16,台北市,內湖區,728,13209
9382,2022-05-16,2022-05-16,台北市,大安區,765,12840
9383,2022-05-16,2022-05-16,台北市,信義區,773,12570
9384,2022-05-16,2022-05-16,台北市,松山區,562,9234
9385,2022-05-16,2022-05-16,台北市,大同區,461,8475
9386,2022-05-16,2022-05-16,台北市,南港區,499,7146
9387,2022-05-16,2022-05-16,台北市,中正區,429,7141
9762,2022-05-15,2022-05-15,台北市,全區,8626,141434
9763,2022-05-15,2022-05-15,台北市,萬華區,712,18063
9764,2022-05-15,2022-05-15,台北市,文山區,821,15573
9765,2022-05-15,2022-05-15,台北市,士林區,1025,14295
9766,2022-05-15,2022-05-15,台北市,北投區,1019,14137
9767,2022-05-15,2022-05-15,台北市,中山區,755,12968
9768,2022-05-15,2022-05-15,台北市,內湖區,879,12481
9769,2022-05-15,2022-05-15,台北市,大安區,688,12075
9770,2022-05-15,2022-05-15,台北市,信義區,794,11797
9771,2022-05-15,2022-05-15,台北市,松山區,559,8672
9772,2022-05-15,2022-05-15,台北市,大同區,560,8014
9773,2022-05-15,2022-05-15,台北市,中正區,347,6712
9774,2022-05-15,2022-05-15,台北市,南港區,467,6647
10148,2022-05-14,2022-05-14,台北市,全區,10837,132808
10149,2022-05-14,2022-05-14,台北市,萬華區,1354,17351
10150,2022-05-14,2022-05-14,台北市,文山區,1023,14752
10151,2022-05-14,2022-05-14,台北市,士林區,1238,13270
10152,2022-05-14,2022-05-14,台北市,北投區,1107,13118
10153,2022-05-14,2022-05-14,台北市,中山區,980,12213
10154,2022-05-14,2022-05-14,台北市,內湖區,1068,11602
10155,2022-05-14,2022-05-14,台北市,大安區,778,11387
10156,2022-05-14,2022-05-14,台北市,信義區,862,11003
10157,2022-05-14,2022-05-14,台北市,松山區,601,8113
10158,2022-05-14,2022-05-14,台北市,大同區,691,7454
10159,2022-05-14,2022-05-14,台北市,中正區,570,6365
10160,2022-05-14,2022-05-14,台北市,南港區,565,6180
10530,2022-05-13,2022-05-13,台北市,全區,8872,121971
10531,2022-05-13,2022-05-13,台北市,萬華區,906,15997
10532,2022-05-13,2022-05-13,台北市,文山區,937,13729
10533,2022-05-13,2022-05-13,台北市,士林區,798,12032
10534,2022-05-13,2022-05-13,台北市,北投區,1063,12011
10535,2022-05-13,2022-05-13,台北市,中山區,805,11233
10536,2022-05-13,2022-05-13,台北市,大安區,771,10609
10537,2022-05-13,2022-05-13,台北市,內湖區,934,10534
10538,2022-05-13,2022-05-13,台北市,信義區,731,10141
10539,2022-05-13,2022-05-13,台北市,松山區,638,7512
10540,2022-05-13,2022-05-13,台北市,大同區,476,6763
10541,2022-05-13,2022-05-13,台北市,中正區,385,5795
10542,2022-05-13,2022-05-13,台北市,南港區,428,5615
10916,2022-05-12,2022-05-12,台北市,全區,10883,113099
10917,2022-05-12,2022-05-12,台北市,萬華區,994,15091
10918,2022-05-12,2022-05-12,台北市,文山區,1398,12792
10919,2022-05-12,2022-05-12,台北市,士林區,1167,11234
10920,2022-05-12,2022-05-12,台北市,北投區,1308,10948
10921,2022-05-12,2022-05-12,台北市,中山區,900,10428
10922,2022-05-12,2022-05-12,台北市,大安區,888,9838
10923,2022-05-12,2022-05-12,台北市,內湖區,1088,9600
10924,2022-05-12,2022-05-12,台北市,信義區,925,9410
10925,2022-05-12,2022-05-12,台北市,松山區,561,6874
10926,2022-05-12,2022-05-12,台北市,大同區,646,6287
10927,2022-05-12,2022-05-12,台北市,中正區,456,5410
10928,2022-05-12,2022-05-12,台北市,南港區,552,5187
11301,2022-05-11,2022-05-11,台北市,全區,9819,102216
11302,2022-05-11,2022-05-11,台北市,萬華區,1086,14097
11303,2022-05-11,2022-05-11,台北市,文山區,933,11394
11304,2022-05-11,2022-05-11,台北市,士林區,1071,10067
11305,2022-05-11,2022-05-11,台北市,北投區,992,9640
11306,2022-05-11,2022-05-11,台北市,中山區,874,9528
11307,2022-05-11,2022-05-11,台北市,大安區,744,8950
11308,2022-05-11,2022-05-11,台北市,內湖區,1039,8512
11309,2022-05-11,2022-05-11,台北市,信義區,877,8485
11310,2022-05-11,2022-05-11,台北市,松山區,608,6313
11311,2022-05-11,2022-05-11,台北市,大同區,655,5641
11312,2022-05-11,2022-05-11,台北市,中正區,447,4954
11313,2022-05-11,2022-05-11,台北市,南港區,493,4635
11683,2022-05-10,2022-05-10,台北市,全區,9433,92397
11684,2022-05-10,2022-05-10,台北市,萬華區,892,13011
11685,2022-05-10,2022-05-10,台北市,文山區,955,10461
11686,2022-05-10,2022-05-10,台北市,士林區,1106,8996
11687,2022-05-10,2022-05-10,台北市,中山區,927,8654
11688,2022-05-10,2022-05-10,台北市,北投區,1157,8648
11689,2022-05-10,2022-05-10,台北市,大安區,784,8206
11690,2022-05-10,2022-05-10,台北市,信義區,753,7608
11691,2022-05-10,2022-05-10,台北市,內湖區,880,7473
11692,2022-05-10,2022-05-10,台北市,松山區,634,5705
11693,2022-05-10,2022-05-10,台北市,大同區,571,4986
11694,2022-05-10,2022-05-10,台北市,中正區,392,4507
11695,2022-05-10,2022-05-10,台北市,南港區,382,4142
12067,2022-05-09,2022-05-09,台北市,全區,7761,82964
12068,2022-05-09,2022-05-09,台北市,萬華區,1077,12119
12069,2022-05-09,2022-05-09,台北市,文山區,938,9506
12070,2022-05-09,2022-05-09,台北市,士林區,697,7890
12071,2022-05-09,2022-05-09,台北市,中山區,606,7727
12072,2022-05-09,2022-05-09,台北市,北投區,798,7491
12073,2022-05-09,2022-05-09,台北市,大安區,677,7422
12074,2022-05-09,2022-05-09,台北市,信義區,762,6855
12075,2022-05-09,2022-05-09,台北市,內湖區,602,6593
12076,2022-05-09,2022-05-09,台北市,松山區,396,5071
12077,2022-05-09,2022-05-09,台北市,大同區,380,4415
12078,2022-05-09,2022-05-09,台北市,中正區,423,4115
12079,2022-05-09,2022-05-09,台北市,南港區,405,3760
12445,2022-05-08,2022-05-08,台北市,全區,6447,75203
12446,2022-05-08,2022-05-08,台北市,萬華區,932,11042
12447,2022-05-08,2022-05-08,台北市,文山區,855,8568
12448,2022-05-08,2022-05-08,台北市,士林區,540,7193
12449,2022-05-08,2022-05-08,台北市,中山區,546,7121
12450,2022-05-08,2022-05-08,台北市,大安區,546,6745
12451,2022-05-08,2022-05-08,台北市,北投區,626,6693
12452,2022-05-08,2022-05-08,台北市,信義區,488,6093
12453,2022-05-08,2022-05-08,台北市,內湖區,561,5991
12454,2022-05-08,2022-05-08,台北市,松山區,447,4675
12455,2022-05-08,2022-05-08,台北市,大同區,335,4035
12456,2022-05-08,2022-05-08,台北市,中正區,304,3692
12457,2022-05-08,2022-05-08,台北市,南港區,267,3355
12829,2022-05-07,2022-05-07,台北市,全區,7499,68756
12830,2022-05-07,2022-05-07,台北市,萬華區,988,10110
12831,2022-05-07,2022-05-07,台北市,文山區,856,7713
12832,2022-05-07,2022-05-07,台北市,士林區,743,6653
12833,2022-05-07,2022-05-07,台北市,中山區,751,6575
12834,2022-05-07,2022-05-07,台北市,大安區,579,6199
12835,2022-05-07,2022-05-07,台北市,北投區,679,6067
12836,2022-05-07,2022-05-07,台北市,信義區,615,5605
12837,2022-05-07,2022-05-07,台北市,內湖區,714,5430
12838,2022-05-07,2022-05-07,台北市,松山區,446,4228
12839,2022-05-07,2022-05-07,台北市,大同區,440,3700
12840,2022-05-07,2022-05-07,台北市,中正區,341,3388
12841,2022-05-07,2022-05-07,台北市,南港區,347,3088
13208,2022-05-06,2022-05-06,台北市,全區,8180,61257
13209,2022-05-06,2022-05-06,台北市,萬華區,979,9122
13210,2022-05-06,2022-05-06,台北市,文山區,987,6857
13211,2022-05-06,2022-05-06,台北市,士林區,954,5910
13212,2022-05-06,2022-05-06,台北市,中山區,748,5824
13213,2022-05-06,2022-05-06,台北市,大安區,713,5620
13214,2022-05-06,2022-05-06,台北市,北投區,876,5388
13215,2022-05-06,2022-05-06,台北市,信義區,638,4990
13216,2022-05-06,2022-05-06,台北市,內湖區,665,4716
13217,2022-05-06,2022-05-06,台北市,松山區,533,3782
13218,2022-05-06,2022-05-06,台北市,大同區,370,3260
13219,2022-05-06,2022-05-06,台北市,中正區,396,3047
13220,2022-05-06,2022-05-06,台北市,南港區,321,2741
13585,2022-05-05,2022-05-05,台北市,全區,7304,53077
13586,2022-05-05,2022-05-05,台北市,萬華區,942,8143
13587,2022-05-05,2022-05-05,台北市,文山區,858,5870
13588,2022-05-05,2022-05-05,台北市,中山區,665,5076
13589,2022-05-05,2022-05-05,台北市,士林區,686,4956
13590,2022-05-05,2022-05-05,台北市,大安區,656,4907
13591,2022-05-05,2022-05-05,台北市,北投區,627,4512
13592,2022-05-05,2022-05-05,台北市,信義區,652,4352
13593,2022-05-05,2022-05-05,台北市,內湖區,622,4051
13594,2022-05-05,2022-05-05,台北市,松山區,533,3249
13595,2022-05-05,2022-05-05,台北市,大同區,384,2890
13596,2022-05-05,2022-05-05,台北市,中正區,329,2651
13597,2022-05-05,2022-05-05,台北市,南港區,350,2420
13957,2022-05-04,2022-05-04,台北市,全區,6035,45773
13958,2022-05-04,2022-05-04,台北市,萬華區,687,7201
13959,2022-05-04,2022-05-04,台北市,文山區,780,5012
13960,2022-05-04,2022-05-04,台北市,中山區,458,4411
13961,2022-05-04,2022-05-04,台北市,士林區,675,4270
13962,2022-05-04,2022-05-04,台北市,大安區,569,4251
13963,2022-05-04,2022-05-04,台北市,北投區,631,3885
13964,2022-05-04,2022-05-04,台北市,信義區,493,3700
13965,2022-05-04,2022-05-04,台北市,內湖區,526,3429
13966,2022-05-04,2022-05-04,台北市,松山區,368,2716
13967,2022-05-04,2022-05-04,台北市,大同區,211,2506
13968,2022-05-04,2022-05-04,台北市,中正區,316,2322
13969,2022-05-04,2022-05-04,台北市,南港區,321,2070
14317,2022-05-03,2022-05-03,台北市,全區,5107,39738
14318,2022-05-03,2022-05-03,台北市,萬華區,621,6514
14319,2022-05-03,2022-05-03,台北市,文山區,665,4232
14320,2022-05-03,2022-05-03,台北市,中山區,540,3953
14321,2022-05-03,2022-05-03,台北市,大安區,450,3682
14322,2022-05-03,2022-05-03,台北市,士林區,443,3595
14323,2022-05-03,2022-05-03,台北市,北投區,478,3254
14324,2022-05-03,2022-05-03,台北市,信義區,441,3207
14325,2022-05-03,2022-05-03,台北市,內湖區,320,2903
14326,2022-05-03,2022-05-03,台北市,松山區,323,2348
14327,2022-05-03,2022-05-03,台北市,大同區,367,2295
14328,2022-05-03,2022-05-03,台北市,中正區,204,2006
14329,2022-05-03,2022-05-03,台北市,南港區,255,1749
14675,2022-05-02,2022-05-02,台北市,全區,4421,34631
14676,2022-05-02,2022-05-02,台北市,萬華區,766,5893
14677,2022-05-02,2022-05-02,台北市,文山區,555,3567
14678,2022-05-02,2022-05-02,台北市,中山區,384,3413
14679,2022-05-02,2022-05-02,台北市,大安區,344,3232
14680,2022-05-02,2022-05-02,台北市,士林區,423,3152
14681,2022-05-02,2022-05-02,台北市,北投區,382,2776
14682,2022-05-02,2022-05-02,台北市,信義區,309,2766
14683,2022-05-02,2022-05-02,台北市,內湖區,329,2583
14684,2022-05-02,2022-05-02,台北市,松山區,256,2025
14685,2022-05-02,2022-05-02,台北市,大同區,215,1928
14686,2022-05-02,2022-05-02,台北市,中正區,279,1802
14687,2022-05-02,2022-05-02,台北市,南港區,179,1494
15023,2022-05-01,2022-05-01,台北市,全區,3474,30210
15024,2022-05-01,2022-05-01,台北市,萬華區,350,5127
15025,2022-05-01,2022-05-01,台北市,中山區,316,3029
15026,2022-05-01,2022-05-01,台北市,文山區,409,3012
15027,2022-05-01,2022-05-01,台北市,大安區,447,2888
15028,2022-05-01,2022-05-01,台北市,士林區,351,2729
15029,2022-05-01,2022-05-01,台北市,信義區,292,2457
15030,2022-05-01,2022-05-01,台北市,北投區,321,2394
15031,2022-05-01,2022-05-01,台北市,內湖區,330,2254
15032,2022-05-01,2022-05-01,台北市,松山區,202,1769
15033,2022-05-01,2022-05-01,台北市,大同區,168,1713
15034,2022-05-01,2022-05-01,台北市,中正區,113,1523
15035,2022-05-01,2022-05-01,台北市,南港區,175,1315
15361,2022-04-30,2022-04-30,台北市,全區,3991,26736
15362,2022-04-30,2022-04-30,台北市,萬華區,729,4777
15363,2022-04-30,2022-04-30,台北市,中山區,377,2713
15364,2022-04-30,2022-04-30,台北市,文山區,517,2603
15365,2022-04-30,2022-04-30,台北市,大安區,305,2441
15366,2022-04-30,2022-04-30,台北市,士林區,364,2378
15367,2022-04-30,2022-04-30,台北市,信義區,223,2165
15368,2022-04-30,2022-04-30,台北市,北投區,430,2073
15369,2022-04-30,2022-04-30,台北市,內湖區,287,1924
15370,2022-04-30,2022-04-30,台北市,松山區,192,1567
15371,2022-04-30,2022-04-30,台北市,大同區,188,1545
15372,2022-04-30,2022-04-30,台北市,中正區,213,1410
15373,2022-04-30,2022-04-30,台北市,南港區,166,1140
15690,2022-04-29,2022-04-29,台北市,全區,3012,22745
15691,2022-04-29,2022-04-29,台北市,萬華區,371,4048
15692,2022-04-29,2022-04-29,台北市,中山區,313,2336
15693,2022-04-29,2022-04-29,台北市,大安區,304,2136
15694,2022-04-29,2022-04-29,台北市,文山區,358,2086
15695,2022-04-29,2022-04-29,台北市,士林區,300,2014
15696,2022-04-29,2022-04-29,台北市,信義區,240,1942
15697,2022-04-29,2022-04-29,台北市,北投區,217,1643
15698,2022-04-29,2022-04-29,台北市,內湖區,259,1637
15699,2022-04-29,2022-04-29,台北市,松山區,194,1375
15700,2022-04-29,2022-04-29,台北市,大同區,154,1357
15701,2022-04-29,2022-04-29,台北市,中正區,153,1197
15702,2022-04-29,2022-04-29,台北市,南港區,149,974
16006,2022-04-28,2022-04-28,台北市,全區,2575,19733
16007,2022-04-28,2022-04-28,台北市,萬華區,305,3677
16008,2022-04-28,2022-04-28,台北市,中山區,296,2023
16009,2022-04-28,2022-04-28,台北市,大安區,251,1832
16010,2022-04-28,2022-04-28,台北市,文山區,265,1728
16011,2022-04-28,2022-04-28,台北市,士林區,241,1714
16012,2022-04-28,2022-04-28,台北市,信義區,211,1702
16013,2022-04-28,2022-04-28,台北市,北投區,217,1426
16014,2022-04-28,2022-04-28,台北市,內湖區,200,1378
16015,2022-04-28,2022-04-28,台北市,大同區,139,1203
16016,2022-04-28,2022-04-28,台北市,松山區,162,1181
16017,2022-04-28,2022-04-28,台北市,中正區,109,1044
16018,2022-04-28,2022-04-28,台北市,南港區,179,825
16314,2022-04-27,2022-04-27,台北市,全區,2344,17158
16315,2022-04-27,2022-04-27,台北市,萬華區,394,3372
16316,2022-04-27,2022-04-27,台北市,中山區,277,1727
16317,2022-04-27,2022-04-27,台北市,大安區,241,1581
16318,2022-04-27,2022-04-27,台北市,信義區,190,1491
16319,2022-04-27,2022-04-27,台北市,士林區,164,1473
16320,2022-04-27,2022-04-27,台北市,文山區,197,1463
16321,2022-04-27,2022-04-27,台北市,北投區,151,1209
16322,2022-04-27,2022-04-27,台北市,內湖區,198,1178
16323,2022-04-27,2022-04-27,台北市,大同區,143,1064
16324,2022-04-27,2022-04-27,台北市,松山區,137,1019
16325,2022-04-27,2022-04-27,台北市,中正區,127,935
16326,2022-04-27,2022-04-27,台北市,南港區,125,646
16611,2022-04-26,2022-04-26,台北市,全區,1811,14814
16612,2022-04-26,2022-04-26,台北市,萬華區,270,2978
16613,2022-04-26,2022-04-26,台北市,中山區,146,1450
16614,2022-04-26,2022-04-26,台北市,大安區,183,1340
16615,2022-04-26,2022-04-26,台北市,士林區,134,1309
16616,2022-04-26,2022-04-26,台北市,信義區,193,1301
16617,2022-04-26,2022-04-26,台北市,文山區,204,1266
16618,2022-04-26,2022-04-26,台北市,北投區,143,1058
16619,2022-04-26,2022-04-26,台北市,內湖區,125,980
16620,2022-04-26,2022-04-26,台北市,大同區,98,921
16621,2022-04-26,2022-04-26,台北市,松山區,155,882
16622,2022-04-26,2022-04-26,台北市,中正區,90,808
16623,2022-04-26,2022-04-26,台北市,南港區,70,521
16897,2022-04-25,2022-04-25,台北市,全區,1478,13003
16898,2022-04-25,2022-04-25,台北市,萬華區,188,2708
16899,2022-04-25,2022-04-25,台北市,中山區,130,1304
16900,2022-04-25,2022-04-25,台北市,士林區,166,1175
16901,2022-04-25,2022-04-25,台北市,大安區,136,1157
16902,2022-04-25,2022-04-25,台北市,信義區,159,1108
16903,2022-04-25,2022-04-25,台北市,文山區,129,1062
16904,2022-04-25,2022-04-25,台北市,北投區,126,915
16905,2022-04-25,2022-04-25,台北市,內湖區,113,855
16906,2022-04-25,2022-04-25,台北市,大同區,75,823
16907,2022-04-25,2022-04-25,台北市,松山區,110,727
16908,2022-04-25,2022-04-25,台北市,中正區,88,718
16909,2022-04-25,2022-04-25,台北市,南港區,58,451
17171,2022-04-24,2022-04-24,台北市,全區,1001,11525
17172,2022-04-24,2022-04-24,台北市,萬華區,131,2520
17173,2022-04-24,2022-04-24,台北市,中山區,110,1174
17174,2022-04-24,2022-04-24,台北市,大安區,116,1021
17175,2022-04-24,2022-04-24,台北市,士林區,96,1009
17176,2022-04-24,2022-04-24,台北市,信義區,91,949
17177,2022-04-24,2022-04-24,台北市,文山區,94,933
17178,2022-04-24,2022-04-24,台北市,北投區,66,789
17179,2022-04-24,2022-04-24,台北市,大同區,56,748
17180,2022-04-24,2022-04-24,台北市,內湖區,79,742
17181,2022-04-24,2022-04-24,台北市,中正區,56,630
17182,2022-04-24,2022-04-24,台北市,松山區,80,617
17183,2022-04-24,2022-04-24,台北市,南港區,26,393
17417,2022-04-23,2022-04-23,台北市,全區,983,10524
17418,2022-04-23,2022-04-23,台北市,萬華區,114,2389
17419,2022-04-23,2022-04-23,台北市,中山區,90,1064
17420,2022-04-23,2022-04-23,台北市,士林區,107,913
17421,2022-04-23,2022-04-23,台北市,大安區,96,905
17422,2022-04-23,2022-04-23,台北市,信義區,101,858
17423,2022-04-23,2022-04-23,台北市,文山區,95,839
17424,2022-04-23,2022-04-23,台北市,北投區,79,723
17425,2022-04-23,2022-04-23,台北市,大同區,67,692
17426,2022-04-23,2022-04-23,台北市,內湖區,87,663
17427,2022-04-23,2022-04-23,台北市,中正區,49,574
17428,2022-04-23,2022-04-23,台北市,松山區,59,537
17429,2022-04-23,2022-04-23,台北市,南港區,39,367
17667,2022-04-22,2022-04-22,台北市,全區,831,9541
17668,2022-04-22,2022-04-22,台北市,萬華區,68,2275
17669,2022-04-22,2022-04-22,台北市,中山區,118,974
17670,2022-04-22,2022-04-22,台北市,大安區,103,809
17671,2022-04-22,2022-04-22,台北市,士林區,57,806
17672,2022-04-22,2022-04-22,台北市,信義區,99,757
17673,2022-04-22,2022-04-22,台北市,文山區,85,744
17674,2022-04-22,2022-04-22,台北市,北投區,60,644
17675,2022-04-22,2022-04-22,台北市,大同區,69,625
17676,2022-04-22,2022-04-22,台北市,內湖區,60,576
17677,2022-04-22,2022-04-22,台北市,中正區,41,525
17678,2022-04-22,2022-04-22,台北市,松山區,49,478
17679,2022-04-22,2022-04-22,台北市,南港區,22,328
17904,2022-04-21,2022-04-21,台北市,全區,754,8710
17905,2022-04-21,2022-04-21,台北市,萬華區,77,2207
17906,2022-04-21,2022-04-21,台北市,中山區,92,856
17907,2022-04-21,2022-04-21,台北市,士林區,69,749
17908,2022-04-21,2022-04-21,台北市,大安區,91,706
17909,2022-04-21,2022-04-21,台北市,文山區,53,659
17910,2022-04-21,2022-04-21,台北市,信義區,93,658
17911,2022-04-21,2022-04-21,台北市,北投區,57,584
17912,2022-04-21,2022-04-21,台北市,大同區,38,556
17913,2022-04-21,2022-04-21,台北市,內湖區,50,516
17914,2022-04-21,2022-04-21,台北市,中正區,53,484
17915,2022-04-21,2022-04-21,台北市,松山區,50,429
17916,2022-04-21,2022-04-21,台北市,南港區,31,306
18134,2022-04-20,2022-04-20,台北市,全區,617,7956
18135,2022-04-20,2022-04-20,台北市,萬華區,55,2130
18136,2022-04-20,2022-04-20,台北市,中山區,61,764
18137,2022-04-20,2022-04-20,台北市,士林區,63,680
18138,2022-04-20,2022-04-20,台北市,大安區,65,615
18139,2022-04-20,2022-04-20,台北市,文山區,52,606
18140,2022-04-20,2022-04-20,台北市,信義區,67,565
18141,2022-04-20,2022-04-20,台北市,北投區,56,527
18142,2022-04-20,2022-04-20,台北市,大同區,55,518
18143,2022-04-20,2022-04-20,台北市,內湖區,48,466
18144,2022-04-20,2022-04-20,台北市,中正區,23,431
18145,2022-04-20,2022-04-20,台北市,松山區,39,379
18146,2022-04-20,2022-04-20,台北市,南港區,33,275
18344,2022-04-19,2022-04-19,台北市,全區,400,7339
18345,2022-04-19,2022-04-19,台北市,萬華區,13,2075
18346,2022-04-19,2022-04-19,台北市,中山區,73,703
18347,2022-04-19,2022-04-19,台北市,士林區,46,617
18348,2022-04-19,2022-04-19,台北市,文山區,29,554
18349,2022-04-19,2022-04-19,台北市,大安區,43,550
18350,2022-04-19,2022-04-19,台北市,信義區,36,498
18351,2022-04-19,2022-04-19,台北市,北投區,37,471
18352,2022-04-19,2022-04-19,台北市,大同區,32,463
18353,2022-04-19,2022-04-19,台北市,內湖區,30,418
18354,2022-04-19,2022-04-19,台北市,中正區,26,408
18355,2022-04-19,2022-04-19,台北市,松山區,19,340
18356,2022-04-19,2022-04-19,台北市,南港區,16,242
18539,2022-04-18,2022-04-18,台北市,全區,285,6939
18540,2022-04-18,2022-04-18,台北市,萬華區,19,2062
18541,2022-04-18,2022-04-18,台北市,中山區,33,630
18542,2022-04-18,2022-04-18,台北市,士林區,25,571
18543,2022-04-18,2022-04-18,台北市,文山區,18,525
18544,2022-04-18,2022-04-18,台北市,大安區,34,507
18545,2022-04-18,2022-04-18,台北市,信義區,24,462
18546,2022-04-18,2022-04-18,台北市,北投區,26,434
18547,2022-04-18,2022-04-18,台北市,大同區,12,431
18548,2022-04-18,2022-04-18,台北市,內湖區,40,388
18549,2022-04-18,2022-04-18,台北市,中正區,15,382
18550,2022-04-18,2022-04-18,台北市,松山區,22,321
18551,2022-04-18,2022-04-18,台北市,南港區,17,226
18720,2022-04-17,2022-04-17,台北市,全區,246,6654
18721,2022-04-17,2022-04-17,台北市,萬華區,26,2043
18722,2022-04-17,2022-04-17,台北市,中山區,42,597
18723,2022-04-17,2022-04-17,台北市,士林區,16,546
18724,2022-04-17,2022-04-17,台北市,文山區,23,507
18725,2022-04-17,2022-04-17,台北市,大安區,19,473
18726,2022-04-17,2022-04-17,台北市,信義區,24,438
18727,2022-04-17,2022-04-17,台北市,大同區,14,419
18728,2022-04-17,2022-04-17,台北市,北投區,13,408
18729,2022-04-17,2022-04-17,台北市,中正區,11,367
18730,2022-04-17,2022-04-17,台北市,內湖區,24,348
18731,2022-04-17,2022-04-17,台北市,松山區,16,299
18732,2022-04-17,2022-04-17,台北市,南港區,18,209
18878,2022-04-16,2022-04-16,台北市,全區,223,6408
18879,2022-04-16,2022-04-16,台北市,萬華區,12,2017
18880,2022-04-16,2022-04-16,台北市,中山區,28,555
18881,2022-04-16,2022-04-16,台北市,士林區,22,530
18882,2022-04-16,2022-04-16,台北市,文山區,22,484
18883,2022-04-16,2022-04-16,台北市,大安區,25,454
18884,2022-04-16,2022-04-16,台北市,信義區,18,414
18885,2022-04-16,2022-04-16,台北市,大同區,19,405
18886,2022-04-16,2022-04-16,台北市,北投區,16,395
18887,2022-04-16,2022-04-16,台北市,中正區,12,356
18888,2022-04-16,2022-04-16,台北市,內湖區,27,324
18889,2022-04-16,2022-04-16,台北市,松山區,12,283
18890,2022-04-16,2022-04-16,台北市,南港區,10,191
19037,2022-04-15,2022-04-15,台北市,全區,185,6185
19038,2022-04-15,2022-04-15,台北市,萬華區,18,2005
19039,2022-04-15,2022-04-15,台北市,中山區,28,527
19040,2022-04-15,2022-04-15,台北市,士林區,11,508
19041,2022-04-15,2022-04-15,台北市,文山區,24,462
19042,2022-04-15,2022-04-15,台北市,大安區,19,429
19043,2022-04-15,2022-04-15,台北市,信義區,21,396
19044,2022-04-15,2022-04-15,台北市,大同區,19,386
19045,2022-04-15,2022-04-15,台北市,北投區,14,379
19046,2022-04-15,2022-04-15,台北市,中正區,10,344
19047,2022-04-15,2022-04-15,台北市,內湖區,11,297
19048,2022-04-15,2022-04-15,台北市,松山區,6,271
19049,2022-04-15,2022-04-15,台北市,南港區,4,181
19207,2022-04-14,2022-04-14,台北市,全區,145,6000
19208,2022-04-14,2022-04-14,台北市,萬華區,11,1987
19209,2022-04-14,2022-04-14,台北市,中山區,23,499
19210,2022-04-14,2022-04-14,台北市,士林區,15,497
19211,2022-04-14,2022-04-14,台北市,文山區,15,438
19212,2022-04-14,2022-04-14,台北市,大安區,15,410
19213,2022-04-14,2022-04-14,台北市,信義區,10,375
19214,2022-04-14,2022-04-14,台北市,大同區,4,367
19215,2022-04-14,2022-04-14,台北市,北投區,10,365
19216,2022-04-14,2022-04-14,台北市,中正區,8,334
19217,2022-04-14,2022-04-14,台北市,內湖區,18,286
19218,2022-04-14,2022-04-14,台北市,松山區,13,265
19219,2022-04-14,2022-04-14,台北市,南港區,3,177
19375,2022-04-13,2022-04-13,台北市,全區,147,5855
19376,2022-04-13,2022-04-13,台北市,萬華區,13,1976
19377,2022-04-13,2022-04-13,台北市,士林區,10,482
19378,2022-04-13,2022-04-13,台北市,中山區,24,476
19379,2022-04-13,2022-04-13,台北市,文山區,9,423
19380,2022-04-13,2022-04-13,台北市,大安區,19,395
19381,2022-04-13,2022-04-13,台北市,信義區,13,365
19382,2022-04-13,2022-04-13,台北市,大同區,12,363
19383,2022-04-13,2022-04-13,台北市,北投區,15,355
19384,2022-04-13,2022-04-13,台北市,中正區,6,326
19385,2022-04-13,2022-04-13,台北市,內湖區,12,268
19386,2022-04-13,2022-04-13,台北市,松山區,11,252
19387,2022-04-13,2022-04-13,台北市,南港區,3,174
19521,2022-04-12,2022-04-12,台北市,全區,142,5708
19522,2022-04-12,2022-04-12,台北市,萬華區,18,1963
19523,2022-04-12,2022-04-12,台北市,士林區,8,472
19524,2022-04-12,2022-04-12,台北市,中山區,26,452
19525,2022-04-12,2022-04-12,台北市,大安區,18,376
19526,2022-04-12,2022-04-12,台北市,信義區,15,352
19527,2022-04-12,2022-04-12,台北市,大同區,7,351
19528,2022-04-12,2022-04-12,台北市,北投區,20,340
19529,2022-04-12,2022-04-12,台北市,中正區,4,320
19530,2022-04-12,2022-04-12,台北市,內湖區,8,256
19531,2022-04-12,2022-04-12,台北市,松山區,12,241
19532,2022-04-12,2022-04-12,台北市,南港區,6,171
19671,2022-04-11,2022-04-11,台北市,全區,101,5566
19672,2022-04-11,2022-04-11,台北市,萬華區,6,1945
19673,2022-04-11,2022-04-11,台北市,士林區,4,464
19674,2022-04-11,2022-04-11,台北市,中山區,29,426
19675,2022-04-11,2022-04-11,台北市,文山區,7,414
19676,2022-04-11,2022-04-11,台北市,大安區,9,358
19677,2022-04-11,2022-04-11,台北市,大同區,7,344
19678,2022-04-11,2022-04-11,台北市,信義區,10,337
19679,2022-04-11,2022-04-11,台北市,北投區,6,320
19680,2022-04-11,2022-04-11,台北市,中正區,5,316
19681,2022-04-11,2022-04-11,台北市,內湖區,7,248
19682,2022-04-11,2022-04-11,台北市,松山區,5,229
19683,2022-04-11,2022-04-11,台北市,南港區,6,165
19800,2022-04-10,2022-04-10,台北市,全區,97,5465
19801,2022-04-10,2022-04-10,台北市,萬華區,12,1939
19802,2022-04-10,2022-04-10,台北市,士林區,7,460
19803,2022-04-10,2022-04-10,台北市,文山區,4,407
19804,2022-04-10,2022-04-10,台北市,中山區,23,397
19805,2022-04-10,2022-04-10,台北市,大安區,9,349
19806,2022-04-10,2022-04-10,台北市,大同區,10,337
19807,2022-04-10,2022-04-10,台北市,信義區,5,327
19808,2022-04-10,2022-04-10,台北市,北投區,12,314
19809,2022-04-10,2022-04-10,台北市,中正區,1,311
19810,2022-04-10,2022-04-10,台北市,內湖區,4,241
19811,2022-04-10,2022-04-10,台北市,松山區,6,224
19812,2022-04-10,2022-04-10,台北市,南港區,4,159
19930,2022-04-09,2022-04-09,台北市,全區,67,5368
19931,2022-04-09,2022-04-09,台北市,萬華區,11,1927
19932,2022-04-09,2022-04-09,台北市,士林區,6,453
19933,2022-04-09,2022-04-09,台北市,文山區,2,403
19934,2022-04-09,2022-04-09,台北市,中山區,8,374
19935,2022-04-09,2022-04-09,台北市,大安區,7,340
19936,2022-04-09,2022-04-09,台北市,大同區,3,327
19937,2022-04-09,2022-04-09,台北市,信義區,6,322
19938,2022-04-09,2022-04-09,台北市,中正區,4,310
19939,2022-04-09,2022-04-09,台北市,北投區,10,302
19940,2022-04-09,2022-04-09,台北市,內湖區,4,237
19941,2022-04-09,2022-04-09,台北市,松山區,3,218
19942,2022-04-09,2022-04-09,台北市,南港區,3,155
20047,2022-04-08,2022-04-08,台北市,全區,74,5301
20048,2022-04-08,2022-04-08,台北市,萬華區,5,1916
20049,2022-04-08,2022-04-08,台北市,士林區,5,447
20050,2022-04-08,2022-04-08,台北市,文山區,3,401
20051,2022-04-08,2022-04-08,台北市,中山區,23,366
20052,2022-04-08,2022-04-08,台北市,大安區,7,333
20053,2022-04-08,2022-04-08,台北市,大同區,2,324
20054,2022-04-08,2022-04-08,台北市,信義區,4,316
20055,2022-04-08,2022-04-08,台北市,中正區,3,306
20056,2022-04-08,2022-04-08,台北市,北投區,10,292
20057,2022-04-08,2022-04-08,台北市,內湖區,4,233
20058,2022-04-08,2022-04-08,台北市,松山區,5,215
20059,2022-04-08,2022-04-08,台北市,南港區,3,152
20154,2022-04-07,2022-04-07,台北市,全區,61,5227
20155,2022-04-07,2022-04-07,台北市,萬華區,4,1911
20156,2022-04-07,2022-04-07,台北市,士林區,2,442
20157,2022-04-07,2022-04-07,台北市,文山區,5,398
20158,2022-04-07,2022-04-07,台北市,中山區,18,343
20159,2022-04-07,2022-04-07,台北市,大安區,5,326
20160,2022-04-07,2022-04-07,台北市,大同區,2,322
20161,2022-04-07,2022-04-07,台北市,信義區,3,312
20162,2022-04-07,2022-04-07,台北市,中正區,3,303
20163,2022-04-07,2022-04-07,台北市,北投區,11,282
20164,2022-04-07,2022-04-07,台北市,內湖區,4,229
20165,2022-04-07,2022-04-07,台北市,松山區,2,210
20166,2022-04-07,2022-04-07,台北市,南港區,2,149
20265,2022-04-06,2022-04-06,台北市,全區,84,5166
20266,2022-04-06,2022-04-06,台北市,萬華區,4,1907
20267,2022-04-06,2022-04-06,台北市,士林區,10,440
20268,2022-04-06,2022-04-06,台北市,文山區,7,393
20269,2022-04-06,2022-04-06,台北市,中山區,12,325
20270,2022-04-06,2022-04-06,台北市,大安區,6,321
20271,2022-04-06,2022-04-06,台北市,大同區,5,320
20272,2022-04-06,2022-04-06,台北市,信義區,4,309
20273,2022-04-06,2022-04-06,台北市,中正區,3,300
20274,2022-04-06,2022-04-06,台北市,北投區,11,271
20275,2022-04-06,2022-04-06,台北市,內湖區,14,225
20276,2022-04-06,2022-04-06,台北市,松山區,5,208
20277,2022-04-06,2022-04-06,台北市,南港區,3,147
20374,2022-04-05,2022-04-05,台北市,全區,41,5082
20375,2022-04-05,2022-04-05,台北市,萬華區,4,1903
20376,2022-04-05,2022-04-05,台北市,士林區,3,430
20377,2022-04-05,2022-04-05,台北市,文山區,2,386
20378,2022-04-05,2022-04-05,台北市,大同區,1,315
20379,2022-04-05,2022-04-05,台北市,大安區,6,315
20380,2022-04-05,2022-04-05,台北市,中山區,7,313
20381,2022-04-05,2022-04-05,台北市,信義區,2,305
20382,2022-04-05,2022-04-05,台北市,中正區,1,297
20383,2022-04-05,2022-04-05,台北市,北投區,4,260
20384,2022-04-05,2022-04-05,台北市,內湖區,7,211
20385,2022-04-05,2022-04-05,台北市,松山區,2,203
20386,2022-04-05,2022-04-05,台北市,南港區,2,144
20467,2022-04-04,2022-04-04,台北市,全區,29,5041
20468,2022-04-04,2022-04-04,台北市,士林區,4,427
20469,2022-04-04,2022-04-04,台北市,大同區,3,314
20470,2022-04-04,2022-04-04,台北市,大安區,1,309
20471,2022-04-04,2022-04-04,台北市,中山區,7,306
20472,2022-04-04,2022-04-04,台北市,信義區,3,303
20473,2022-04-04,2022-04-04,台北市,中正區,2,296
20474,2022-04-04,2022-04-04,台北市,北投區,1,256
20475,2022-04-04,2022-04-04,台北市,內湖區,3,204
20476,2022-04-04,2022-04-04,台北市,松山區,3,201
20477,2022-04-04,2022-04-04,台北市,南港區,2,142
20536,2022-04-03,2022-04-03,台北市,全區,22,5012
20537,2022-04-03,2022-04-03,台北市,萬華區,2,1899
20538,2022-04-03,2022-04-03,台北市,士林區,2,423
20539,2022-04-03,2022-04-03,台北市,大安區,6,308
20540,2022-04-03,2022-04-03,台北市,信義區,3,300
20541,2022-04-03,2022-04-03,台北市,中山區,1,299
20542,2022-04-03,2022-04-03,台北市,中正區,3,294
20543,2022-04-03,2022-04-03,台北市,北投區,2,255
20544,2022-04-03,2022-04-03,台北市,內湖區,2,201
20545,2022-04-03,2022-04-03,台北市,松山區,1,198
20595,2022-04-02,2022-04-02,台北市,全區,13,4990
20596,2022-04-02,2022-04-02,台北市,萬華區,1,1897
20597,2022-04-02,2022-04-02,台北市,士林區,3,421
20598,2022-04-02,2022-04-02,台北市,文山區,1,384
20599,2022-04-02,2022-04-02,台北市,大同區,1,311
20600,2022-04-02,2022-04-02,台北市,大安區,1,302
20601,2022-04-02,2022-04-02,台北市,中山區,1,298
20602,2022-04-02,2022-04-02,台北市,北投區,2,253
20603,2022-04-02,2022-04-02,台北市,內湖區,2,199
20604,2022-04-02,2022-04-02,台北市,松山區,1,197
20656,2022-04-01,2022-04-01,台北市,全區,19,4977
20657,2022-04-01,2022-04-01,台北市,萬華區,3,1896
20658,2022-04-01,2022-04-01,台北市,士林區,2,418
20659,2022-04-01,2022-04-01,台北市,文山區,1,383
20660,2022-04-01,2022-04-01,台北市,大同區,1,310
20661,2022-04-01,2022-04-01,台北市,大安區,2,301
20662,2022-04-01,2022-04-01,台北市,北投區,3,251
20663,2022-04-01,2022-04-01,台北市,內湖區,3,197
20664,2022-04-01,2022-04-01,台北市,松山區,2,196
20665,2022-04-01,2022-04-01,台北市,南港區,2,140
20724,2022-03-31,2022-03-31,台北市,全區,10,4958
20725,2022-03-31,2022-03-31,台北市,萬華區,1,1893
20726,2022-03-31,2022-03-31,台北市,士林區,2,416
20727,2022-03-31,2022-03-31,台北市,文山區,1,382
20728,2022-03-31,2022-03-31,台北市,中山區,1,297
20729,2022-03-31,2022-03-31,台北市,中正區,2,291
20730,2022-03-31,2022-03-31,台北市,內湖區,3,194
20772,2022-03-30,2022-03-30,台北市,全區,7,4948
20773,2022-03-30,2022-03-30,台北市,萬華區,1,1892
20774,2022-03-30,2022-03-30,台北市,大安區,1,299
20775,2022-03-30,2022-03-30,台北市,信義區,1,297
20776,2022-03-30,2022-03-30,台北市,中山區,1,296
20777,2022-03-30,2022-03-30,台北市,北投區,1,248
20778,2022-03-30,2022-03-30,台北市,松山區,2,194
20813,2022-03-29,2022-03-29,台北市,全區,1,4941
20814,2022-03-29,2022-03-29,台北市,中正區,1,289
20843,2022-03-28,2022-03-28,台北市,全區,5,4940
20844,2022-03-28,2022-03-28,台北市,萬華區,1,1891
20845,2022-03-28,2022-03-28,台北市,士林區,1,414
20846,2022-03-28,2022-03-28,台北市,中山區,1,295
20847,2022-03-28,2022-03-28,台北市,松山區,2,192
20877,2022-03-27,2022-03-27,台北市,全區,1,4935
20878,2022-03-27,2022-03-27,台北市,內湖區,1,191
20954,2022-03-23,2022-03-23,台北市,全區,1,4934
20955,2022-03-23,2022-03-23,台北市,萬華區,1,1890
20964,2022-03-22,2022-03-22,台北市,全區,3,4933
20965,2022-03-22,2022-03-22,台北市,萬華區,2,1889
20966,2022-03-22,2022-03-22,台北市,中山區,1,294
20971,2022-03-21,2022-03-21,台北市,全區,1,4930
20972,2022-03-21,2022-03-21,台北市,萬華區,1,1887
20983,2022-03-20,2022-03-20,台北市,全區,1,4929
20984,2022-03-20,2022-03-20,台北市,中山區,1,293
21007,2022-03-18,2022-03-18,台北市,全區,1,4928
21008,2022-03-18,2022-03-18,台北市,文山區,1,381
21036,2022-03-12,2022-03-12,台北市,全區,2,4927
21037,2022-03-12,2022-03-12,台北市,萬華區,2,1886
21044,2022-03-11,2022-03-11,台北市,全區,2,4925
21045,2022-03-11,2022-03-11,台北市,內湖區,2,190
21114,2022-02-28,2022-02-28,台北市,全區,1,4923
21115,2022-02-28,2022-02-28,台北市,內湖區,1,188
21142,2022-02-25,2022-02-25,台北市,全區,1,4922
21143,2022-02-25,2022-02-25,台北市,內湖區,1,187
21158,2022-02-23,2022-02-23,台北市,全區,1,4921
21159,2022-02-23,2022-02-23,台北市,北投區,1,247
21181,2022-02-20,2022-02-20,台北市,全區,1,4920
21182,2022-02-20,2022-02-20,台北市,北投區,1,246
21191,2022-02-19,2022-02-19,台北市,全區,2,4919
21192,2022-02-19,2022-02-19,台北市,萬華區,1,1884
21193,2022-02-19,2022-02-19,台北市,中正區,1,288
21203,2022-02-18,2022-02-18,台北市,全區,5,4917
21204,2022-02-18,2022-02-18,台北市,大同區,3,309
21205,2022-02-18,2022-02-18,台北市,信義區,1,296
21206,2022-02-18,2022-02-18,台北市,北投區,1,245
21217,2022-02-17,2022-02-17,台北市,全區,1,4912
21218,2022-02-17,2022-02-17,台北市,信義區,1,295
21233,2022-02-16,2022-02-16,台北市,全區,3,4911
21234,2022-02-16,2022-02-16,台北市,信義區,2,294
21235,2022-02-16,2022-02-16,台北市,北投區,1,244
21250,2022-02-15,2022-02-15,台北市,全區,1,4908
21251,2022-02-15,2022-02-15,台北市,北投區,1,243
21336,2022-02-08,2022-02-08,台北市,全區,1,4907
21337,2022-02-08,2022-02-08,台北市,松山區,1,190
21355,2022-02-07,2022-02-07,台北市,全區,6,4906
21356,2022-02-07,2022-02-07,台北市,文山區,1,380
21357,2022-02-07,2022-02-07,台北市,松山區,4,189
21358,2022-02-07,2022-02-07,台北市,內湖區,1,186
21387,2022-02-04,2022-02-04,台北市,全區,1,4900
21388,2022-02-04,2022-02-04,台北市,松山區,1,185
21403,2022-02-03,2022-02-03,台北市,全區,1,4899
21404,2022-02-03,2022-02-03,台北市,松山區,1,184
21438,2022-02-01,2022-02-01,台北市,全區,1,4898
21439,2022-02-01,2022-02-01,台北市,內湖區,1,185
21463,2022-01-30,2022-01-30,台北市,全區,1,4897
21464,2022-01-30,2022-01-30,台北市,松山區,1,183
21495,2022-01-28,2022-01-28,台北市,全區,1,4896
21496,2022-01-28,2022-01-28,台北市,信義區,1,292
21515,2022-01-27,2022-01-27,台北市,全區,5,4895
21516,2022-01-27,2022-01-27,台北市,中山區,1,292
21517,2022-01-27,2022-01-27,台北市,內湖區,2,184
21518,2022-01-27,2022-01-27,台北市,松山區,2,182
21538,2022-01-26,2022-01-26,台北市,全區,1,4890
21539,2022-01-26,2022-01-26,台北市,文山區,1,379
21558,2022-01-25,2022-01-25,台北市,全區,2,4889
21559,2022-01-25,2022-01-25,台北市,文山區,1,378
21560,2022-01-25,2022-01-25,台北市,南港區,1,138
21599,2022-01-23,2022-01-23,台北市,全區,2,4887
21600,2022-01-23,2022-01-23,台北市,士林區,1,413
21601,2022-01-23,2022-01-23,台北市,北投區,1,242
21624,2022-01-22,2022-01-22,台北市,全區,2,4885
21625,2022-01-22,2022-01-22,台北市,士林區,2,412
21648,2022-01-21,2022-01-21,台北市,全區,1,4883
21649,2022-01-21,2022-01-21,台北市,內湖區,1,182
21666,2022-01-20,2022-01-20,台北市,全區,2,4882
21667,2022-01-20,2022-01-20,台北市,大同區,1,306
21668,2022-01-20,2022-01-20,台北市,北投區,1,241
21711,2022-01-16,2022-01-16,台北市,全區,1,4880
21712,2022-01-16,2022-01-16,台北市,北投區,1,240
21734,2022-01-14,2022-01-14,台北市,全區,1,4879
21735,2022-01-14,2022-01-14,台北市,北投區,1,239
21759,2022-01-11,2022-01-11,台北市,全區,1,4878
21760,2022-01-11,2022-01-11,台北市,北投區,1,238
21770,2022-01-10,2022-01-10,台北市,全區,1,4877
21771,2022-01-10,2022-01-10,台北市,大同區,1,305
21783,2022-01-08,2022-01-08,台北市,全區,1,4876
21784,2022-01-08,2022-01-08,台北市,中山區,1,291
21800,2022-01-05,2022-01-05,台北市,全區,1,4875
21801,2022-01-05,2022-01-05,台北市,萬華區,1,1883
21820,2022-01-02,2022-01-02,台北市,全區,1,4874
21821,2022-01-02,2022-01-02,台北市,大同區,1,304
21828,2021-12-30,2021-12-30,台北市,全區,2,4873
21829,2021-12-30,2021-12-30,台北市,萬華區,1,1882
21830,2021-12-30,2021-12-30,台北市,士林區,1,410
21865,2021-12-15,2021-12-15,台北市,全區,1,4871
21866,2021-12-15,2021-12-15,台北市,士林區,1,409
21966,2021-11-03,2021-11-03,台北市,全區,1,4870
21967,2021-11-03,2021-11-03,台北市,萬華區,1,1881
21988,2021-10-24,2021-10-24,台北市,全區,1,4869
21989,2021-10-24,2021-10-24,台北市,萬華區,1,1880
22030,2021-10-08,2021-10-08,台北市,全區,1,4868
22031,2021-10-08,2021-10-08,台北市,萬華區,1,1879
22056,2021-09-27,2021-09-27,台北市,全區,1,4867
22057,2021-09-27,2021-09-27,台北市,中正區,1,287
22078,2021-09-19,2021-09-19,台北市,全區,1,4866
22079,2021-09-19,2021-09-19,台北市,北投區,1,237
22082,2021-09-18,2021-09-18,台北市,全區,1,4865
22083,2021-09-18,2021-09-18,台北市,萬華區,1,1878
22088,2021-09-16,2021-09-16,台北市,全區,2,4864
22089,2021-09-16,2021-09-16,台北市,萬華區,1,1877
22090,2021-09-16,2021-09-16,台北市,大同區,1,303
22111,2021-09-11,2021-09-11,台北市,全區,1,4862
22112,2021-09-11,2021-09-11,台北市,萬華區,1,1876
22121,2021-09-09,2021-09-09,台北市,全區,1,4861
22122,2021-09-09,2021-09-09,台北市,中山區,1,290
22127,2021-09-08,2021-09-08,台北市,全區,2,4860
22128,2021-09-08,2021-09-08,台北市,文山區,2,377
22137,2021-09-06,2021-09-06,台北市,全區,1,4858
22138,2021-09-06,2021-09-06,台北市,北投區,1,236
22160,2021-09-01,2021-09-01,台北市,全區,1,4857
22161,2021-09-01,2021-09-01,台北市,中山區,1,289
22164,2021-08-31,2021-08-31,台北市,全區,1,4856
22165,2021-08-31,2021-08-31,台北市,信義區,1,291
22168,2021-08-30,2021-08-30,台北市,全區,1,4855
22169,2021-08-30,2021-08-30,台北市,中正區,1,286
22181,2021-08-28,2021-08-28,台北市,全區,1,4854
22182,2021-08-28,2021-08-28,台北市,北投區,1,235
22192,2021-08-25,2021-08-25,台北市,全區,1,4853
22193,2021-08-25,2021-08-25,台北市,文山區,1,375
22210,2021-08-21,2021-08-21,台北市,全區,3,4852
22211,2021-08-21,2021-08-21,台北市,萬華區,1,1875
22212,2021-08-21,2021-08-21,台北市,士林區,1,408
22213,2021-08-21,2021-08-21,台北市,大同區,1,302
22227,2021-08-19,2021-08-19,台北市,全區,2,4849
22228,2021-08-19,2021-08-19,台北市,大安區,2,298
22241,2021-08-17,2021-08-17,台北市,全區,4,4847
22242,2021-08-17,2021-08-17,台北市,士林區,1,407
22243,2021-08-17,2021-08-17,台北市,文山區,2,374
22244,2021-08-17,2021-08-17,台北市,大安區,1,296
22249,2021-08-16,2021-08-16,台北市,全區,2,4843
22250,2021-08-16,2021-08-16,台北市,萬華區,1,1874
22251,2021-08-16,2021-08-16,台北市,內湖區,1,181
22257,2021-08-15,2021-08-15,台北市,全區,1,4841
22258,2021-08-15,2021-08-15,台北市,文山區,1,372
22268,2021-08-14,2021-08-14,台北市,全區,1,4840
22269,2021-08-14,2021-08-14,台北市,萬華區,1,1873
22274,2021-08-13,2021-08-13,台北市,全區,1,4839
22275,2021-08-13,2021-08-13,台北市,中山區,1,288
22280,2021-08-12,2021-08-12,台北市,全區,2,4838
22281,2021-08-12,2021-08-12,台北市,信義區,1,290
22282,2021-08-12,2021-08-12,台北市,中山區,1,287
22288,2021-08-11,2021-08-11,台北市,全區,3,4836
22289,2021-08-11,2021-08-11,台北市,文山區,1,371
22290,2021-08-11,2021-08-11,台北市,大同區,1,301
22291,2021-08-11,2021-08-11,台北市,信義區,1,289
22296,2021-08-10,2021-08-10,台北市,全區,4,4833
22297,2021-08-10,2021-08-10,台北市,萬華區,2,1872
22298,2021-08-10,2021-08-10,台北市,大同區,1,300
22299,2021-08-10,2021-08-10,台北市,南港區,1,137
22316,2021-08-08,2021-08-08,台北市,全區,2,4829
22317,2021-08-08,2021-08-08,台北市,士林區,1,406
22318,2021-08-08,2021-08-08,台北市,大安區,1,295
22325,2021-08-07,2021-08-07,台北市,全區,2,4827
22326,2021-08-07,2021-08-07,台北市,文山區,1,370
22327,2021-08-07,2021-08-07,台北市,信義區,1,288
22334,2021-08-06,2021-08-06,台北市,全區,1,4825
22335,2021-08-06,2021-08-06,台北市,南港區,1,136
22344,2021-08-05,2021-08-05,台北市,全區,3,4824
22345,2021-08-05,2021-08-05,台北市,中山區,1,286
22346,2021-08-05,2021-08-05,台北市,內湖區,1,180
22347,2021-08-05,2021-08-05,台北市,松山區,1,180
22357,2021-08-04,2021-08-04,台北市,全區,1,4821
22358,2021-08-04,2021-08-04,台北市,萬華區,1,1870
22368,2021-08-03,2021-08-03,台北市,全區,5,4820
22369,2021-08-03,2021-08-03,台北市,萬華區,1,1869
22370,2021-08-03,2021-08-03,台北市,士林區,1,405
22371,2021-08-03,2021-08-03,台北市,大安區,2,294
22372,2021-08-03,2021-08-03,台北市,內湖區,1,179
22382,2021-08-02,2021-08-02,台北市,全區,4,4815
22383,2021-08-02,2021-08-02,台北市,萬華區,2,1868
22384,2021-08-02,2021-08-02,台北市,中山區,2,285
22395,2021-08-01,2021-08-01,台北市,全區,2,4811
22396,2021-08-01,2021-08-01,台北市,中山區,1,283
22397,2021-08-01,2021-08-01,台北市,內湖區,1,178
22413,2021-07-31,2021-07-31,台北市,全區,4,4809
22414,2021-07-31,2021-07-31,台北市,文山區,1,369
22415,2021-07-31,2021-07-31,台北市,信義區,1,287
22416,2021-07-31,2021-07-31,台北市,北投區,1,234
22417,2021-07-31,2021-07-31,台北市,內湖區,1,177
22427,2021-07-30,2021-07-30,台北市,全區,4,4805
22428,2021-07-30,2021-07-30,台北市,士林區,1,404
22429,2021-07-30,2021-07-30,台北市,信義區,1,286
22430,2021-07-30,2021-07-30,台北市,松山區,2,179
22440,2021-07-29,2021-07-29,台北市,全區,7,4801
22441,2021-07-29,2021-07-29,台北市,萬華區,3,1866
22442,2021-07-29,2021-07-29,台北市,文山區,1,368
22443,2021-07-29,2021-07-29,台北市,大安區,1,292
22444,2021-07-29,2021-07-29,台北市,內湖區,2,176
22459,2021-07-28,2021-07-28,台北市,全區,6,4794
22460,2021-07-28,2021-07-28,台北市,萬華區,1,1863
22461,2021-07-28,2021-07-28,台北市,士林區,3,403
22462,2021-07-28,2021-07-28,台北市,北投區,1,233
22463,2021-07-28,2021-07-28,台北市,松山區,1,177
22478,2021-07-27,2021-07-27,台北市,全區,6,4788
22479,2021-07-27,2021-07-27,台北市,萬華區,2,1862
22480,2021-07-27,2021-07-27,台北市,士林區,2,400
22481,2021-07-27,2021-07-27,台北市,文山區,1,367
22482,2021-07-27,2021-07-27,台北市,中正區,1,285
22496,2021-07-26,2021-07-26,台北市,全區,4,4782
22497,2021-07-26,2021-07-26,台北市,大同區,1,299
22498,2021-07-26,2021-07-26,台北市,大安區,1,291
22499,2021-07-26,2021-07-26,台北市,中正區,1,284
22500,2021-07-26,2021-07-26,台北市,南港區,1,135
22513,2021-07-25,2021-07-25,台北市,全區,4,4778
22514,2021-07-25,2021-07-25,台北市,萬華區,1,1860
22515,2021-07-25,2021-07-25,台北市,內湖區,3,174
22523,2021-07-24,2021-07-24,台北市,全區,7,4774
22524,2021-07-24,2021-07-24,台北市,萬華區,2,1859
22525,2021-07-24,2021-07-24,台北市,士林區,1,398
22526,2021-07-24,2021-07-24,台北市,文山區,1,366
22527,2021-07-24,2021-07-24,台北市,大安區,1,290
22528,2021-07-24,2021-07-24,台北市,信義區,1,285
22529,2021-07-24,2021-07-24,台北市,北投區,1,232
22538,2021-07-23,2021-07-23,台北市,全區,7,4767
22539,2021-07-23,2021-07-23,台北市,萬華區,2,1857
22540,2021-07-23,2021-07-23,台北市,士林區,1,397
22541,2021-07-23,2021-07-23,台北市,大安區,2,289
22542,2021-07-23,2021-07-23,台北市,信義區,1,284
22543,2021-07-23,2021-07-23,台北市,中正區,1,283
22563,2021-07-22,2021-07-22,台北市,全區,4,4760
22564,2021-07-22,2021-07-22,台北市,大安區,2,287
22565,2021-07-22,2021-07-22,台北市,中正區,2,282
22585,2021-07-21,2021-07-21,台北市,全區,20,4756
22586,2021-07-21,2021-07-21,台北市,萬華區,7,1855
22587,2021-07-21,2021-07-21,台北市,士林區,4,396
22588,2021-07-21,2021-07-21,台北市,文山區,2,365
22589,2021-07-21,2021-07-21,台北市,大安區,3,285
22590,2021-07-21,2021-07-21,台北市,中正區,1,280
22591,2021-07-21,2021-07-21,台北市,內湖區,3,171
22608,2021-07-20,2021-07-20,台北市,全區,7,4736
22609,2021-07-20,2021-07-20,台北市,萬華區,2,1848
22610,2021-07-20,2021-07-20,台北市,士林區,1,392
22611,2021-07-20,2021-07-20,台北市,大安區,1,282
22612,2021-07-20,2021-07-20,台北市,北投區,3,231
22627,2021-07-19,2021-07-19,台北市,全區,1,4729
22628,2021-07-19,2021-07-19,台北市,中正區,1,279
22642,2021-07-18,2021-07-18,台北市,全區,5,4728
22643,2021-07-18,2021-07-18,台北市,士林區,1,391
22644,2021-07-18,2021-07-18,台北市,信義區,1,283
22645,2021-07-18,2021-07-18,台北市,松山區,1,176
22646,2021-07-18,2021-07-18,台北市,內湖區,2,168
22661,2021-07-17,2021-07-17,台北市,全區,1,4723
22662,2021-07-17,2021-07-17,台北市,中正區,1,278
22671,2021-07-16,2021-07-16,台北市,全區,13,4722
22672,2021-07-16,2021-07-16,台北市,萬華區,4,1846
22673,2021-07-16,2021-07-16,台北市,士林區,2,390
22674,2021-07-16,2021-07-16,台北市,文山區,1,363
22675,2021-07-16,2021-07-16,台北市,中山區,2,282
22676,2021-07-16,2021-07-16,台北市,信義區,1,282
22677,2021-07-16,2021-07-16,台北市,北投區,1,228
22678,2021-07-16,2021-07-16,台北市,內湖區,2,166
22695,2021-07-15,2021-07-15,台北市,全區,9,4709
22696,2021-07-15,2021-07-15,台北市,萬華區,6,1842
22697,2021-07-15,2021-07-15,台北市,文山區,1,362
22698,2021-07-15,2021-07-15,台北市,大同區,1,298
22699,2021-07-15,2021-07-15,台北市,中山區,1,280
22711,2021-07-14,2021-07-14,台北市,全區,9,4700
22712,2021-07-14,2021-07-14,台北市,萬華區,4,1836
22713,2021-07-14,2021-07-14,台北市,士林區,3,388
22714,2021-07-14,2021-07-14,台北市,中正區,1,277
22715,2021-07-14,2021-07-14,台北市,內湖區,1,164
22727,2021-07-13,2021-07-13,台北市,全區,7,4691
22728,2021-07-13,2021-07-13,台北市,萬華區,2,1832
22729,2021-07-13,2021-07-13,台北市,信義區,2,281
22730,2021-07-13,2021-07-13,台北市,中山區,3,279
22750,2021-07-12,2021-07-12,台北市,全區,9,4684
22751,2021-07-12,2021-07-12,台北市,萬華區,1,1830
22752,2021-07-12,2021-07-12,台北市,士林區,1,385
22753,2021-07-12,2021-07-12,台北市,文山區,1,361
22754,2021-07-12,2021-07-12,台北市,大安區,1,281
22755,2021-07-12,2021-07-12,台北市,中山區,4,276
22756,2021-07-12,2021-07-12,台北市,南港區,1,134
22774,2021-07-11,2021-07-11,台北市,全區,11,4675
22775,2021-07-11,2021-07-11,台北市,萬華區,6,1829
22776,2021-07-11,2021-07-11,台北市,大安區,1,280
22777,2021-07-11,2021-07-11,台北市,中山區,3,272
22778,2021-07-11,2021-07-11,台北市,松山區,1,175
22796,2021-07-10,2021-07-10,台北市,全區,12,4664
22797,2021-07-10,2021-07-10,台北市,萬華區,6,1823
22798,2021-07-10,2021-07-10,台北市,文山區,1,360
22799,2021-07-10,2021-07-10,台北市,大安區,1,279
22800,2021-07-10,2021-07-10,台北市,信義區,2,279
22801,2021-07-10,2021-07-10,台北市,中山區,1,269
22802,2021-07-10,2021-07-10,台北市,松山區,1,174
22821,2021-07-09,2021-07-09,台北市,全區,19,4652
22822,2021-07-09,2021-07-09,台北市,萬華區,11,1817
22823,2021-07-09,2021-07-09,台北市,大同區,2,297
22824,2021-07-09,2021-07-09,台北市,大安區,1,278
22825,2021-07-09,2021-07-09,台北市,信義區,1,277
22826,2021-07-09,2021-07-09,台北市,內湖區,4,163
22840,2021-07-08,2021-07-08,台北市,全區,12,4633
22841,2021-07-08,2021-07-08,台北市,萬華區,1,1806
22842,2021-07-08,2021-07-08,台北市,士林區,1,384
22843,2021-07-08,2021-07-08,台北市,文山區,3,359
22844,2021-07-08,2021-07-08,台北市,大安區,3,277
22845,2021-07-08,2021-07-08,台北市,信義區,1,276
22846,2021-07-08,2021-07-08,台北市,松山區,1,173
22847,2021-07-08,2021-07-08,台北市,內湖區,2,159
22857,2021-07-07,2021-07-07,台北市,全區,14,4621
22858,2021-07-07,2021-07-07,台北市,萬華區,7,1805
22859,2021-07-07,2021-07-07,台北市,士林區,3,383
22860,2021-07-07,2021-07-07,台北市,信義區,3,275
22861,2021-07-07,2021-07-07,台北市,內湖區,1,157
22881,2021-07-06,2021-07-06,台北市,全區,13,4607
22882,2021-07-06,2021-07-06,台北市,萬華區,4,1798
22883,2021-07-06,2021-07-06,台北市,士林區,4,380
22884,2021-07-06,2021-07-06,台北市,信義區,4,272
22885,2021-07-06,2021-07-06,台北市,中山區,1,268
22899,2021-07-05,2021-07-05,台北市,全區,14,4594
22900,2021-07-05,2021-07-05,台北市,萬華區,5,1794
22901,2021-07-05,2021-07-05,台北市,士林區,1,376
22902,2021-07-05,2021-07-05,台北市,文山區,3,356
22903,2021-07-05,2021-07-05,台北市,大安區,2,274
22904,2021-07-05,2021-07-05,台北市,信義區,1,268
22905,2021-07-05,2021-07-05,台北市,松山區,2,172
22923,2021-07-04,2021-07-04,台北市,全區,17,4580
22924,2021-07-04,2021-07-04,台北市,士林區,1,375
22925,2021-07-04,2021-07-04,台北市,文山區,4,353
22926,2021-07-04,2021-07-04,台北市,大同區,2,295
22927,2021-07-04,2021-07-04,台北市,大安區,3,272
22928,2021-07-04,2021-07-04,台北市,中山區,4,267
22929,2021-07-04,2021-07-04,台北市,信義區,2,267
22930,2021-07-04,2021-07-04,台北市,北投區,1,227
22947,2021-07-03,2021-07-03,台北市,全區,48,4563
22948,2021-07-03,2021-07-03,台北市,萬華區,30,1789
22949,2021-07-03,2021-07-03,台北市,士林區,5,374
22950,2021-07-03,2021-07-03,台北市,文山區,3,349
22951,2021-07-03,2021-07-03,台北市,大同區,2,293
22952,2021-07-03,2021-07-03,台北市,信義區,2,265
22953,2021-07-03,2021-07-03,台北市,中山區,3,263
22954,2021-07-03,2021-07-03,台北市,北投區,2,226
22955,2021-07-03,2021-07-03,台北市,內湖區,1,156
22978,2021-07-02,2021-07-02,台北市,全區,29,4515
22979,2021-07-02,2021-07-02,台北市,萬華區,9,1759
22980,2021-07-02,2021-07-02,台北市,士林區,2,369
22981,2021-07-02,2021-07-02,台北市,文山區,2,346
22982,2021-07-02,2021-07-02,台北市,大同區,4,291
22983,2021-07-02,2021-07-02,台北市,中正區,7,276
22984,2021-07-02,2021-07-02,台北市,大安區,1,269
22985,2021-07-02,2021-07-02,台北市,中山區,4,260
23008,2021-07-01,2021-07-01,台北市,全區,18,4486
23009,2021-07-01,2021-07-01,台北市,萬華區,4,1750
23010,2021-07-01,2021-07-01,台北市,士林區,1,367
23011,2021-07-01,2021-07-01,台北市,文山區,1,344
23012,2021-07-01,2021-07-01,台北市,中正區,2,269
23013,2021-07-01,2021-07-01,台北市,大安區,1,268
23014,2021-07-01,2021-07-01,台北市,中山區,6,256
23015,2021-07-01,2021-07-01,台北市,松山區,3,170
23038,2021-06-30,2021-06-30,台北市,全區,20,4468
23039,2021-06-30,2021-06-30,台北市,萬華區,2,1746
23040,2021-06-30,2021-06-30,台北市,士林區,2,366
23041,2021-06-30,2021-06-30,台北市,文山區,3,343
23042,2021-06-30,2021-06-30,台北市,大同區,2,287
23043,2021-06-30,2021-06-30,台北市,大安區,1,267
23044,2021-06-30,2021-06-30,台北市,中正區,1,267
23045,2021-06-30,2021-06-30,台北市,信義區,3,263
23046,2021-06-30,2021-06-30,台北市,北投區,5,224
23047,2021-06-30,2021-06-30,台北市,松山區,1,167
23073,2021-06-29,2021-06-29,台北市,全區,20,4448
23074,2021-06-29,2021-06-29,台北市,士林區,4,364
23075,2021-06-29,2021-06-29,台北市,文山區,2,340
23076,2021-06-29,2021-06-29,台北市,大同區,1,285
23077,2021-06-29,2021-06-29,台北市,大安區,1,266
23078,2021-06-29,2021-06-29,台北市,中正區,3,266
23079,2021-06-29,2021-06-29,台北市,信義區,3,260
23080,2021-06-29,2021-06-29,台北市,中山區,4,250
23081,2021-06-29,2021-06-29,台北市,內湖區,1,155
23082,2021-06-29,2021-06-29,台北市,南港區,1,133
23109,2021-06-28,2021-06-28,台北市,全區,22,4428
23110,2021-06-28,2021-06-28,台北市,萬華區,3,1744
23111,2021-06-28,2021-06-28,台北市,士林區,3,360
23112,2021-06-28,2021-06-28,台北市,大同區,2,284
23113,2021-06-28,2021-06-28,台北市,信義區,2,257
23114,2021-06-28,2021-06-28,台北市,中山區,6,246
23115,2021-06-28,2021-06-28,台北市,北投區,4,219
23116,2021-06-28,2021-06-28,台北市,南港區,2,132
23140,2021-06-27,2021-06-27,台北市,全區,33,4406
23141,2021-06-27,2021-06-27,台北市,萬華區,8,1741
23142,2021-06-27,2021-06-27,台北市,士林區,4,357
23143,2021-06-27,2021-06-27,台北市,文山區,7,338
23144,2021-06-27,2021-06-27,台北市,大同區,4,282
23145,2021-06-27,2021-06-27,台北市,信義區,2,255
23146,2021-06-27,2021-06-27,台北市,中山區,2,240
23147,2021-06-27,2021-06-27,台北市,北投區,4,215
23148,2021-06-27,2021-06-27,台北市,松山區,2,166
23169,2021-06-26,2021-06-26,台北市,全區,30,4373
23170,2021-06-26,2021-06-26,台北市,萬華區,15,1733
23171,2021-06-26,2021-06-26,台北市,大安區,2,265
23172,2021-06-26,2021-06-26,台北市,中正區,2,263
23173,2021-06-26,2021-06-26,台北市,信義區,4,253
23174,2021-06-26,2021-06-26,台北市,北投區,1,211
23175,2021-06-26,2021-06-26,台北市,松山區,3,164
23176,2021-06-26,2021-06-26,台北市,內湖區,1,154
23177,2021-06-26,2021-06-26,台北市,南港區,2,130
23212,2021-06-25,2021-06-25,台北市,全區,19,4343
23213,2021-06-25,2021-06-25,台北市,萬華區,8,1718
23214,2021-06-25,2021-06-25,台北市,士林區,2,353
23215,2021-06-25,2021-06-25,台北市,文山區,4,331
23216,2021-06-25,2021-06-25,台北市,大同區,1,278
23217,2021-06-25,2021-06-25,台北市,中正區,1,261
23218,2021-06-25,2021-06-25,台北市,信義區,1,249
23219,2021-06-25,2021-06-25,台北市,松山區,2,161
23255,2021-06-24,2021-06-24,台北市,全區,35,4324
23256,2021-06-24,2021-06-24,台北市,萬華區,15,1710
23257,2021-06-24,2021-06-24,台北市,士林區,5,351
23258,2021-06-24,2021-06-24,台北市,文山區,3,327
23259,2021-06-24,2021-06-24,台北市,大同區,3,277
23260,2021-06-24,2021-06-24,台北市,大安區,2,263
23261,2021-06-24,2021-06-24,台北市,中正區,2,260
23262,2021-06-24,2021-06-24,台北市,信義區,1,248
23263,2021-06-24,2021-06-24,台北市,中山區,2,238
23264,2021-06-24,2021-06-24,台北市,松山區,2,159
23308,2021-06-23,2021-06-23,台北市,全區,22,4289
23309,2021-06-23,2021-06-23,台北市,萬華區,9,1695
23310,2021-06-23,2021-06-23,台北市,士林區,4,346
23311,2021-06-23,2021-06-23,台北市,文山區,4,324
23312,2021-06-23,2021-06-23,台北市,大安區,1,261
23313,2021-06-23,2021-06-23,台北市,中正區,1,258
23314,2021-06-23,2021-06-23,台北市,信義區,1,247
23315,2021-06-23,2021-06-23,台北市,中山區,1,236
23316,2021-06-23,2021-06-23,台北市,內湖區,1,153
23362,2021-06-22,2021-06-22,台北市,全區,24,4267
23363,2021-06-22,2021-06-22,台北市,萬華區,4,1686
23364,2021-06-22,2021-06-22,台北市,士林區,2,342
23365,2021-06-22,2021-06-22,台北市,文山區,2,320
23366,2021-06-22,2021-06-22,台北市,大安區,2,260
23367,2021-06-22,2021-06-22,台北市,中正區,7,257
23368,2021-06-22,2021-06-22,台北市,信義區,1,246
23369,2021-06-22,2021-06-22,台北市,中山區,2,235
23370,2021-06-22,2021-06-22,台北市,北投區,1,210
23371,2021-06-22,2021-06-22,台北市,內湖區,1,152
23372,2021-06-22,2021-06-22,台北市,南港區,2,128
23398,2021-06-21,2021-06-21,台北市,全區,21,4243
23399,2021-06-21,2021-06-21,台北市,萬華區,2,1682
23400,2021-06-21,2021-06-21,台北市,士林區,4,340
23401,2021-06-21,2021-06-21,台北市,文山區,2,318
23402,2021-06-21,2021-06-21,台北市,大同區,2,274
23403,2021-06-21,2021-06-21,台北市,大安區,5,258
23404,2021-06-21,2021-06-21,台北市,中正區,3,250
23405,2021-06-21,2021-06-21,台北市,中山區,1,233
23406,2021-06-21,2021-06-21,台北市,北投區,1,209
23407,2021-06-21,2021-06-21,台北市,南港區,1,126
23439,2021-06-20,2021-06-20,台北市,全區,32,4222
23440,2021-06-20,2021-06-20,台北市,萬華區,7,1680
23441,2021-06-20,2021-06-20,台北市,士林區,8,336
23442,2021-06-20,2021-06-20,台北市,文山區,5,316
23443,2021-06-20,2021-06-20,台北市,大同區,3,272
23444,2021-06-20,2021-06-20,台北市,大安區,1,253
23445,2021-06-20,2021-06-20,台北市,中正區,1,247
23446,2021-06-20,2021-06-20,台北市,中山區,1,232
23447,2021-06-20,2021-06-20,台北市,北投區,1,208
23448,2021-06-20,2021-06-20,台北市,松山區,3,157
23449,2021-06-20,2021-06-20,台北市,內湖區,1,151
23450,2021-06-20,2021-06-20,台北市,南港區,1,125
23484,2021-06-19,2021-06-19,台北市,全區,29,4190
23485,2021-06-19,2021-06-19,台北市,萬華區,10,1673
23486,2021-06-19,2021-06-19,台北市,士林區,5,328
23487,2021-06-19,2021-06-19,台北市,大同區,1,269
23488,2021-06-19,2021-06-19,台北市,大安區,3,252
23489,2021-06-19,2021-06-19,台北市,中正區,2,246
23490,2021-06-19,2021-06-19,台北市,信義區,1,245
23491,2021-06-19,2021-06-19,台北市,中山區,5,231
23492,2021-06-19,2021-06-19,台北市,北投區,1,207
23493,2021-06-19,2021-06-19,台北市,內湖區,1,150
23528,2021-06-18,2021-06-18,台北市,全區,71,4161
23529,2021-06-18,2021-06-18,台北市,萬華區,10,1663
23530,2021-06-18,2021-06-18,台北市,士林區,33,323
23531,2021-06-18,2021-06-18,台北市,文山區,1,311
23532,2021-06-18,2021-06-18,台北市,大同區,4,268
23533,2021-06-18,2021-06-18,台北市,大安區,2,249
23534,2021-06-18,2021-06-18,台北市,中正區,2,244
23535,2021-06-18,2021-06-18,台北市,信義區,7,244
23536,2021-06-18,2021-06-18,台北市,中山區,6,226
23537,2021-06-18,2021-06-18,台北市,北投區,3,206
23538,2021-06-18,2021-06-18,台北市,松山區,2,154
23539,2021-06-18,2021-06-18,台北市,南港區,1,124
23577,2021-06-17,2021-06-17,台北市,全區,37,4090
23578,2021-06-17,2021-06-17,台北市,萬華區,6,1653
23579,2021-06-17,2021-06-17,台北市,文山區,3,310
23580,2021-06-17,2021-06-17,台北市,士林區,13,290
23581,2021-06-17,2021-06-17,台北市,大同區,4,264
23582,2021-06-17,2021-06-17,台北市,中正區,3,242
23583,2021-06-17,2021-06-17,台北市,信義區,3,237
23584,2021-06-17,2021-06-17,台北市,中山區,1,220
23585,2021-06-17,2021-06-17,台北市,松山區,4,152
23619,2021-06-16,2021-06-16,台北市,全區,51,4053
23620,2021-06-16,2021-06-16,台北市,萬華區,17,1647
23621,2021-06-16,2021-06-16,台北市,文山區,2,307
23622,2021-06-16,2021-06-16,台北市,士林區,15,277
23623,2021-06-16,2021-06-16,台北市,大安區,7,247
23624,2021-06-16,2021-06-16,台北市,中正區,2,239
23625,2021-06-16,2021-06-16,台北市,信義區,2,234
23626,2021-06-16,2021-06-16,台北市,中山區,1,219
23627,2021-06-16,2021-06-16,台北市,北投區,3,203
23628,2021-06-16,2021-06-16,台北市,松山區,1,148
23629,2021-06-16,2021-06-16,台北市,南港區,1,123
23667,2021-06-15,2021-06-15,台北市,全區,27,4002
23668,2021-06-15,2021-06-15,台北市,萬華區,6,1630
23669,2021-06-15,2021-06-15,台北市,文山區,1,305
23670,2021-06-15,2021-06-15,台北市,大同區,4,260
23671,2021-06-15,2021-06-15,台北市,大安區,5,240
23672,2021-06-15,2021-06-15,台北市,中正區,2,237
23673,2021-06-15,2021-06-15,台北市,中山區,1,218
23674,2021-06-15,2021-06-15,台北市,北投區,6,200
23675,2021-06-15,2021-06-15,台北市,松山區,1,147
23676,2021-06-15,2021-06-15,台北市,南港區,1,122
23718,2021-06-14,2021-06-14,台北市,全區,40,3975
23719,2021-06-14,2021-06-14,台北市,萬華區,8,1624
23720,2021-06-14,2021-06-14,台北市,文山區,5,304
23721,2021-06-14,2021-06-14,台北市,士林區,4,262
23722,2021-06-14,2021-06-14,台北市,大同區,7,256
23723,2021-06-14,2021-06-14,台北市,大安區,3,235
23724,2021-06-14,2021-06-14,台北市,中正區,1,235
23725,2021-06-14,2021-06-14,台北市,信義區,3,232
23726,2021-06-14,2021-06-14,台北市,北投區,8,194
23727,2021-06-14,2021-06-14,台北市,南港區,1,121
23768,2021-06-13,2021-06-13,台北市,全區,63,3935
23769,2021-06-13,2021-06-13,台北市,萬華區,14,1616
23770,2021-06-13,2021-06-13,台北市,文山區,6,299
23771,2021-06-13,2021-06-13,台北市,士林區,4,258
23772,2021-06-13,2021-06-13,台北市,大同區,7,249
23773,2021-06-13,2021-06-13,台北市,中正區,4,234
23774,2021-06-13,2021-06-13,台北市,大安區,5,232
23775,2021-06-13,2021-06-13,台北市,信義區,3,229
23776,2021-06-13,2021-06-13,台北市,中山區,3,217
23777,2021-06-13,2021-06-13,台北市,北投區,9,186
23778,2021-06-13,2021-06-13,台北市,內湖區,4,149
23779,2021-06-13,2021-06-13,台北市,松山區,1,146
23780,2021-06-13,2021-06-13,台北市,南港區,3,120
23825,2021-06-12,2021-06-12,台北市,全區,67,3872
23826,2021-06-12,2021-06-12,台北市,萬華區,19,1602
23827,2021-06-12,2021-06-12,台北市,文山區,7,293
23828,2021-06-12,2021-06-12,台北市,士林區,5,254
23829,2021-06-12,2021-06-12,台北市,大同區,7,242
23830,2021-06-12,2021-06-12,台北市,中正區,3,230
23831,2021-06-12,2021-06-12,台北市,大安區,6,227
23832,2021-06-12,2021-06-12,台北市,信義區,3,226
23833,2021-06-12,2021-06-12,台北市,中山區,2,214
23834,2021-06-12,2021-06-12,台北市,北投區,7,177
23835,2021-06-12,2021-06-12,台北市,內湖區,3,145
23836,2021-06-12,2021-06-12,台北市,松山區,5,145
23893,2021-06-11,2021-06-11,台北市,全區,47,3805
23894,2021-06-11,2021-06-11,台北市,萬華區,9,1583
23895,2021-06-11,2021-06-11,台北市,文山區,3,286
23896,2021-06-11,2021-06-11,台北市,士林區,6,249
23897,2021-06-11,2021-06-11,台北市,大同區,3,235
23898,2021-06-11,2021-06-11,台北市,中正區,2,227
23899,2021-06-11,2021-06-11,台北市,信義區,1,223
23900,2021-06-11,2021-06-11,台北市,大安區,6,221
23901,2021-06-11,2021-06-11,台北市,中山區,6,212
23902,2021-06-11,2021-06-11,台北市,北投區,1,170
23903,2021-06-11,2021-06-11,台北市,松山區,8,140
23904,2021-06-11,2021-06-11,台北市,南港區,2,117
23962,2021-06-10,2021-06-10,台北市,全區,57,3758
23963,2021-06-10,2021-06-10,台北市,萬華區,16,1574
23964,2021-06-10,2021-06-10,台北市,文山區,1,283
23965,2021-06-10,2021-06-10,台北市,士林區,10,243
23966,2021-06-10,2021-06-10,台北市,大同區,4,232
23967,2021-06-10,2021-06-10,台北市,中正區,3,225
23968,2021-06-10,2021-06-10,台北市,信義區,3,222
23969,2021-06-10,2021-06-10,台北市,大安區,4,215
23970,2021-06-10,2021-06-10,台北市,中山區,4,206
23971,2021-06-10,2021-06-10,台北市,北投區,6,169
23972,2021-06-10,2021-06-10,台北市,內湖區,2,142
23973,2021-06-10,2021-06-10,台北市,松山區,3,132
23974,2021-06-10,2021-06-10,台北市,南港區,1,115
24033,2021-06-09,2021-06-09,台北市,全區,60,3701
24034,2021-06-09,2021-06-09,台北市,萬華區,19,1558
24035,2021-06-09,2021-06-09,台北市,文山區,4,282
24036,2021-06-09,2021-06-09,台北市,士林區,8,233
24037,2021-06-09,2021-06-09,台北市,大同區,8,228
24038,2021-06-09,2021-06-09,台北市,中正區,3,222
24039,2021-06-09,2021-06-09,台北市,大安區,6,211
24040,2021-06-09,2021-06-09,台北市,中山區,4,202
24041,2021-06-09,2021-06-09,台北市,北投區,3,163
24042,2021-06-09,2021-06-09,台北市,內湖區,4,140
24043,2021-06-09,2021-06-09,台北市,松山區,1,129
24094,2021-06-08,2021-06-08,台北市,全區,54,3641
24095,2021-06-08,2021-06-08,台北市,萬華區,9,1539
24096,2021-06-08,2021-06-08,台北市,文山區,3,278
24097,2021-06-08,2021-06-08,台北市,士林區,7,225
24098,2021-06-08,2021-06-08,台北市,大同區,2,220
24099,2021-06-08,2021-06-08,台北市,中正區,2,219
24100,2021-06-08,2021-06-08,台北市,信義區,2,219
24101,2021-06-08,2021-06-08,台北市,大安區,10,205
24102,2021-06-08,2021-06-08,台北市,中山區,6,198
24103,2021-06-08,2021-06-08,台北市,北投區,5,160
24104,2021-06-08,2021-06-08,台北市,內湖區,1,136
24105,2021-06-08,2021-06-08,台北市,松山區,1,128
24106,2021-06-08,2021-06-08,台北市,南港區,6,114
24147,2021-06-07,2021-06-07,台北市,全區,59,3587
24148,2021-06-07,2021-06-07,台北市,萬華區,13,1530
24149,2021-06-07,2021-06-07,台北市,文山區,3,275
24150,2021-06-07,2021-06-07,台北市,士林區,5,218
24151,2021-06-07,2021-06-07,台北市,大同區,5,218
24152,2021-06-07,2021-06-07,台北市,中正區,1,217
24153,2021-06-07,2021-06-07,台北市,信義區,2,217
24154,2021-06-07,2021-06-07,台北市,大安區,9,195
24155,2021-06-07,2021-06-07,台北市,中山區,9,192
24156,2021-06-07,2021-06-07,台北市,北投區,3,155
24157,2021-06-07,2021-06-07,台北市,松山區,2,127
24158,2021-06-07,2021-06-07,台北市,南港區,7,108
24213,2021-06-06,2021-06-06,台北市,全區,65,3528
24214,2021-06-06,2021-06-06,台北市,萬華區,16,1517
24215,2021-06-06,2021-06-06,台北市,文山區,9,272
24216,2021-06-06,2021-06-06,台北市,中正區,3,216
24217,2021-06-06,2021-06-06,台北市,信義區,4,215
24218,2021-06-06,2021-06-06,台北市,士林區,5,213
24219,2021-06-06,2021-06-06,台北市,大同區,6,213
24220,2021-06-06,2021-06-06,台北市,大安區,7,186
24221,2021-06-06,2021-06-06,台北市,中山區,2,183
24222,2021-06-06,2021-06-06,台北市,北投區,6,152
24223,2021-06-06,2021-06-06,台北市,內湖區,3,135
24224,2021-06-06,2021-06-06,台北市,松山區,3,125
24225,2021-06-06,2021-06-06,台北市,南港區,1,101
24287,2021-06-05,2021-06-05,台北市,全區,139,3463
24288,2021-06-05,2021-06-05,台北市,萬華區,48,1501
24289,2021-06-05,2021-06-05,台北市,文山區,6,263
24290,2021-06-05,2021-06-05,台北市,中正區,4,213
24291,2021-06-05,2021-06-05,台北市,信義區,12,211
24292,2021-06-05,2021-06-05,台北市,士林區,6,208
24293,2021-06-05,2021-06-05,台北市,大同區,16,207
24294,2021-06-05,2021-06-05,台北市,中山區,6,181
24295,2021-06-05,2021-06-05,台北市,大安區,9,179
24296,2021-06-05,2021-06-05,台北市,北投區,12,146
24297,2021-06-05,2021-06-05,台北市,內湖區,9,132
24298,2021-06-05,2021-06-05,台北市,松山區,6,122
24299,2021-06-05,2021-06-05,台北市,南港區,5,100
24368,2021-06-04,2021-06-04,台北市,全區,145,3324
24369,2021-06-04,2021-06-04,台北市,萬華區,40,1453
24370,2021-06-04,2021-06-04,台北市,文山區,7,257
24371,2021-06-04,2021-06-04,台北市,中正區,12,209
24372,2021-06-04,2021-06-04,台北市,士林區,11,202
24373,2021-06-04,2021-06-04,台北市,信義區,4,199
24374,2021-06-04,2021-06-04,台北市,大同區,20,191
24375,2021-06-04,2021-06-04,台北市,中山區,12,175
24376,2021-06-04,2021-06-04,台北市,大安區,12,170
24377,2021-06-04,2021-06-04,台北市,北投區,10,134
24378,2021-06-04,2021-06-04,台北市,內湖區,9,123
24379,2021-06-04,2021-06-04,台北市,松山區,3,116
24380,2021-06-04,2021-06-04,台北市,南港區,5,95
24439,2021-06-03,2021-06-03,台北市,全區,221,3179
24440,2021-06-03,2021-06-03,台北市,萬華區,85,1413
24441,2021-06-03,2021-06-03,台北市,文山區,21,250
24442,2021-06-03,2021-06-03,台北市,中正區,15,197
24443,2021-06-03,2021-06-03,台北市,信義區,8,195
24444,2021-06-03,2021-06-03,台北市,士林區,23,191
24445,2021-06-03,2021-06-03,台北市,大同區,15,171
24446,2021-06-03,2021-06-03,台北市,中山區,18,163
24447,2021-06-03,2021-06-03,台北市,大安區,7,158
24448,2021-06-03,2021-06-03,台北市,北投區,4,124
24449,2021-06-03,2021-06-03,台北市,內湖區,11,114
24450,2021-06-03,2021-06-03,台北市,松山區,11,113
24451,2021-06-03,2021-06-03,台北市,南港區,3,90
24513,2021-06-02,2021-06-02,台北市,全區,146,2958
24514,2021-06-02,2021-06-02,台北市,萬華區,42,1328
24515,2021-06-02,2021-06-02,台北市,文山區,8,229
24516,2021-06-02,2021-06-02,台北市,信義區,12,187
24517,2021-06-02,2021-06-02,台北市,中正區,7,182
24518,2021-06-02,2021-06-02,台北市,士林區,17,168
24519,2021-06-02,2021-06-02,台北市,大同區,22,156
24520,2021-06-02,2021-06-02,台北市,大安區,9,151
24521,2021-06-02,2021-06-02,台北市,中山區,7,145
24522,2021-06-02,2021-06-02,台北市,北投區,9,120
24523,2021-06-02,2021-06-02,台北市,內湖區,7,103
24524,2021-06-02,2021-06-02,台北市,松山區,3,102
24525,2021-06-02,2021-06-02,台北市,南港區,3,87
24592,2021-06-01,2021-06-01,台北市,全區,89,2812
24593,2021-06-01,2021-06-01,台北市,萬華區,21,1286
24594,2021-06-01,2021-06-01,台北市,文山區,8,221
24595,2021-06-01,2021-06-01,台北市,中正區,6,175
24596,2021-06-01,2021-06-01,台北市,信義區,6,175
24597,2021-06-01,2021-06-01,台北市,士林區,15,151
24598,2021-06-01,2021-06-01,台北市,大安區,9,142
24599,2021-06-01,2021-06-01,台北市,中山區,7,138
24600,2021-06-01,2021-06-01,台北市,大同區,4,134
24601,2021-06-01,2021-06-01,台北市,北投區,3,111
24602,2021-06-01,2021-06-01,台北市,松山區,3,99
24603,2021-06-01,2021-06-01,台北市,內湖區,2,96
24604,2021-06-01,2021-06-01,台北市,南港區,5,84
24671,2021-05-31,2021-05-31,台北市,全區,121,2723
24672,2021-05-31,2021-05-31,台北市,萬華區,36,1265
24673,2021-05-31,2021-05-31,台北市,文山區,9,213
24674,2021-05-31,2021-05-31,台北市,中正區,9,169
24675,2021-05-31,2021-05-31,台北市,信義區,10,169
24676,2021-05-31,2021-05-31,台北市,士林區,12,136
24677,2021-05-31,2021-05-31,台北市,大安區,4,133
24678,2021-05-31,2021-05-31,台北市,中山區,6,131
24679,2021-05-31,2021-05-31,台北市,大同區,3,130
24680,2021-05-31,2021-05-31,台北市,北投區,6,108
24681,2021-05-31,2021-05-31,台北市,松山區,8,96
24682,2021-05-31,2021-05-31,台北市,內湖區,11,94
24683,2021-05-31,2021-05-31,台北市,南港區,7,79
24739,2021-05-30,2021-05-30,台北市,全區,82,2602
24740,2021-05-30,2021-05-30,台北市,萬華區,20,1229
24741,2021-05-30,2021-05-30,台北市,文山區,6,204
24742,2021-05-30,2021-05-30,台北市,中正區,6,160
24743,2021-05-30,2021-05-30,台北市,信義區,8,159
24744,2021-05-30,2021-05-30,台北市,大安區,8,129
24745,2021-05-30,2021-05-30,台北市,大同區,2,127
24746,2021-05-30,2021-05-30,台北市,中山區,3,125
24747,2021-05-30,2021-05-30,台北市,士林區,10,124
24748,2021-05-30,2021-05-30,台北市,北投區,6,102
24749,2021-05-30,2021-05-30,台北市,松山區,3,88
24750,2021-05-30,2021-05-30,台北市,內湖區,8,83
24751,2021-05-30,2021-05-30,台北市,南港區,2,72
24818,2021-05-29,2021-05-29,台北市,全區,169,2520
24819,2021-05-29,2021-05-29,台北市,萬華區,45,1209
24820,2021-05-29,2021-05-29,台北市,文山區,16,198
24821,2021-05-29,2021-05-29,台北市,中正區,19,154
24822,2021-05-29,2021-05-29,台北市,信義區,11,151
24823,2021-05-29,2021-05-29,台北市,大同區,6,125
24824,2021-05-29,2021-05-29,台北市,中山區,14,122
24825,2021-05-29,2021-05-29,台北市,大安區,15,121
24826,2021-05-29,2021-05-29,台北市,士林區,11,114
24827,2021-05-29,2021-05-29,台北市,北投區,10,96
24828,2021-05-29,2021-05-29,台北市,松山區,10,85
24829,2021-05-29,2021-05-29,台北市,內湖區,7,75
24830,2021-05-29,2021-05-29,台北市,南港區,5,70
24905,2021-05-28,2021-05-28,台北市,全區,211,2351
24906,2021-05-28,2021-05-28,台北市,萬華區,88,1164
24907,2021-05-28,2021-05-28,台北市,文山區,18,182
24908,2021-05-28,2021-05-28,台北市,信義區,10,140
24909,2021-05-28,2021-05-28,台北市,中正區,12,135
24910,2021-05-28,2021-05-28,台北市,大同區,11,119
24911,2021-05-28,2021-05-28,台北市,中山區,11,108
24912,2021-05-28,2021-05-28,台北市,大安區,7,106
24913,2021-05-28,2021-05-28,台北市,士林區,9,103
24914,2021-05-28,2021-05-28,台北市,北投區,19,86
24915,2021-05-28,2021-05-28,台北市,松山區,8,75
24916,2021-05-28,2021-05-28,台北市,內湖區,9,68
24917,2021-05-28,2021-05-28,台北市,南港區,9,65
24988,2021-05-27,2021-05-27,台北市,全區,223,2140
24989,2021-05-27,2021-05-27,台北市,萬華區,79,1076
24990,2021-05-27,2021-05-27,台北市,文山區,37,164
24991,2021-05-27,2021-05-27,台北市,信義區,14,130
24992,2021-05-27,2021-05-27,台北市,中正區,22,123
24993,2021-05-27,2021-05-27,台北市,大同區,13,108
24994,2021-05-27,2021-05-27,台北市,大安區,10,99
24995,2021-05-27,2021-05-27,台北市,中山區,15,97
24996,2021-05-27,2021-05-27,台北市,士林區,8,94
24997,2021-05-27,2021-05-27,台北市,北投區,5,67
24998,2021-05-27,2021-05-27,台北市,松山區,8,67
24999,2021-05-27,2021-05-27,台北市,內湖區,8,59
25000,2021-05-27,2021-05-27,台北市,南港區,4,56
25094,2021-05-26,2021-05-26,台北市,全區,310,1917
25095,2021-05-26,2021-05-26,台北市,萬華區,120,997
25096,2021-05-26,2021-05-26,台北市,文山區,25,127
25097,2021-05-26,2021-05-26,台北市,信義區,31,116
25098,2021-05-26,2021-05-26,台北市,中正區,25,101
25099,2021-05-26,2021-05-26,台北市,大同區,20,95
25100,2021-05-26,2021-05-26,台北市,大安區,20,89
25101,2021-05-26,2021-05-26,台北市,士林區,25,86
25102,2021-05-26,2021-05-26,台北市,中山區,13,82
25103,2021-05-26,2021-05-26,台北市,北投區,9,62
25104,2021-05-26,2021-05-26,台北市,松山區,9,59
25105,2021-05-26,2021-05-26,台北市,南港區,8,52
25106,2021-05-26,2021-05-26,台北市,內湖區,5,51
25181,2021-05-25,2021-05-25,台北市,全區,196,1607
25182,2021-05-25,2021-05-25,台北市,萬華區,99,877
25183,2021-05-25,2021-05-25,台北市,文山區,9,102
25184,2021-05-25,2021-05-25,台北市,信義區,17,85
25185,2021-05-25,2021-05-25,台北市,中正區,11,76
25186,2021-05-25,2021-05-25,台北市,大同區,7,75
25187,2021-05-25,2021-05-25,台北市,大安區,14,69
25188,2021-05-25,2021-05-25,台北市,中山區,10,69
25189,2021-05-25,2021-05-25,台北市,士林區,6,61
25190,2021-05-25,2021-05-25,台北市,北投區,4,53
25191,2021-05-25,2021-05-25,台北市,松山區,4,50
25192,2021-05-25,2021-05-25,台北市,內湖區,11,46
25193,2021-05-25,2021-05-25,台北市,南港區,4,44
25273,2021-05-24,2021-05-24,台北市,全區,245,1411
25274,2021-05-24,2021-05-24,台北市,萬華區,117,778
25275,2021-05-24,2021-05-24,台北市,文山區,16,93
25276,2021-05-24,2021-05-24,台北市,大同區,9,68
25277,2021-05-24,2021-05-24,台北市,信義區,21,68
25278,2021-05-24,2021-05-24,台北市,中正區,13,65
25279,2021-05-24,2021-05-24,台北市,中山區,10,59
25280,2021-05-24,2021-05-24,台北市,士林區,13,55
25281,2021-05-24,2021-05-24,台北市,大安區,11,55
25282,2021-05-24,2021-05-24,台北市,北投區,12,49
25283,2021-05-24,2021-05-24,台北市,松山區,12,46
25284,2021-05-24,2021-05-24,台北市,南港區,9,40
25285,2021-05-24,2021-05-24,台北市,內湖區,2,35
25350,2021-05-23,2021-05-23,台北市,全區,164,1166
25351,2021-05-23,2021-05-23,台北市,萬華區,87,661
25352,2021-05-23,2021-05-23,台北市,文山區,14,77
25353,2021-05-23,2021-05-23,台北市,大同區,11,59
25354,2021-05-23,2021-05-23,台北市,中正區,8,52
25355,2021-05-23,2021-05-23,台北市,中山區,10,49
25356,2021-05-23,2021-05-23,台北市,信義區,10,47
25357,2021-05-23,2021-05-23,台北市,大安區,5,44
25358,2021-05-23,2021-05-23,台北市,士林區,4,42
25359,2021-05-23,2021-05-23,台北市,北投區,7,37
25360,2021-05-23,2021-05-23,台北市,松山區,3,34
25361,2021-05-23,2021-05-23,台北市,內湖區,1,33
25362,2021-05-23,2021-05-23,台北市,南港區,4,31
25435,2021-05-22,2021-05-22,台北市,全區,264,1002
25436,2021-05-22,2021-05-22,台北市,萬華區,170,574
25437,2021-05-22,2021-05-22,台北市,文山區,17,63
25438,2021-05-22,2021-05-22,台北市,大同區,7,48
25439,2021-05-22,2021-05-22,台北市,中正區,8,44
25440,2021-05-22,2021-05-22,台北市,大安區,6,39
25441,2021-05-22,2021-05-22,台北市,中山區,8,39
25442,2021-05-22,2021-05-22,台北市,士林區,13,38
25443,2021-05-22,2021-05-22,台北市,信義區,2,37
25444,2021-05-22,2021-05-22,台北市,內湖區,10,32
25445,2021-05-22,2021-05-22,台北市,松山區,10,31
25446,2021-05-22,2021-05-22,台北市,北投區,6,30
25447,2021-05-22,2021-05-22,台北市,南港區,7,27
25521,2021-05-21,2021-05-21,台北市,全區,125,738
25522,2021-05-21,2021-05-21,台北市,萬華區,59,404
25523,2021-05-21,2021-05-21,台北市,文山區,11,46
25524,2021-05-21,2021-05-21,台北市,大同區,13,41
25525,2021-05-21,2021-05-21,台北市,中正區,6,36
25526,2021-05-21,2021-05-21,台北市,信義區,6,35
25527,2021-05-21,2021-05-21,台北市,大安區,5,33
25528,2021-05-21,2021-05-21,台北市,中山區,8,31
25529,2021-05-21,2021-05-21,台北市,士林區,6,25
25530,2021-05-21,2021-05-21,台北市,北投區,5,24
25531,2021-05-21,2021-05-21,台北市,內湖區,3,22
25532,2021-05-21,2021-05-21,台北市,松山區,1,21
25533,2021-05-21,2021-05-21,台北市,南港區,2,20
25583,2021-05-20,2021-05-20,台北市,全區,81,613
25584,2021-05-20,2021-05-20,台北市,萬華區,39,345
25585,2021-05-20,2021-05-20,台北市,文山區,3,35
25586,2021-05-20,2021-05-20,台北市,中正區,5,30
25587,2021-05-20,2021-05-20,台北市,信義區,6,29
25588,2021-05-20,2021-05-20,台北市,大同區,2,28
25589,2021-05-20,2021-05-20,台北市,大安區,2,28
25590,2021-05-20,2021-05-20,台北市,中山區,8,23
25591,2021-05-20,2021-05-20,台北市,松山區,2,20
25592,2021-05-20,2021-05-20,台北市,士林區,2,19
25593,2021-05-20,2021-05-20,台北市,內湖區,3,19
25594,2021-05-20,2021-05-20,台北市,北投區,5,19
25595,2021-05-20,2021-05-20,台北市,南港區,4,18
25651,2021-05-19,2021-05-19,台北市,全區,70,532
25652,2021-05-19,2021-05-19,台北市,萬華區,34,306
25653,2021-05-19,2021-05-19,台北市,文山區,5,32
25654,2021-05-19,2021-05-19,台北市,大同區,1,26
25655,2021-05-19,2021-05-19,台北市,大安區,4,26
25656,2021-05-19,2021-05-19,台北市,中正區,2,25
25657,2021-05-19,2021-05-19,台北市,信義區,1,23
25658,2021-05-19,2021-05-19,台北市,松山區,4,18
25659,2021-05-19,2021-05-19,台北市,士林區,10,17
25660,2021-05-19,2021-05-19,台北市,內湖區,2,16
25661,2021-05-19,2021-05-19,台北市,中山區,2,15
25662,2021-05-19,2021-05-19,台北市,北投區,1,14
25663,2021-05-19,2021-05-19,台北市,南港區,4,14
25716,2021-05-18,2021-05-18,台北市,全區,103,462
25717,2021-05-18,2021-05-18,台北市,萬華區,50,272
25718,2021-05-18,2021-05-18,台北市,文山區,14,27
25719,2021-05-18,2021-05-18,台北市,大同區,9,25
25720,2021-05-18,2021-05-18,台北市,中正區,6,23
25721,2021-05-18,2021-05-18,台北市,大安區,3,22
25722,2021-05-18,2021-05-18,台北市,信義區,9,22
25723,2021-05-18,2021-05-18,台北市,內湖區,1,14
25724,2021-05-18,2021-05-18,台北市,松山區,3,14
25725,2021-05-18,2021-05-18,台北市,中山區,3,13
25726,2021-05-18,2021-05-18,台北市,北投區,1,13
25727,2021-05-18,2021-05-18,台北市,南港區,3,10
25728,2021-05-18,2021-05-18,台北市,士林區,1,7
25774,2021-05-17,2021-05-17,台北市,全區,158,359
25775,2021-05-17,2021-05-17,台北市,萬華區,96,222
25776,2021-05-17,2021-05-17,台北市,大安區,6,19
25777,2021-05-17,2021-05-17,台北市,中正區,9,17
25778,2021-05-17,2021-05-17,台北市,大同區,10,16
25779,2021-05-17,2021-05-17,台北市,內湖區,4,13
25780,2021-05-17,2021-05-17,台北市,文山區,7,13
25781,2021-05-17,2021-05-17,台北市,信義區,3,13
25782,2021-05-17,2021-05-17,台北市,北投區,5,12
25783,2021-05-17,2021-05-17,台北市,松山區,6,11
25784,2021-05-17,2021-05-17,台北市,中山區,8,10
25785,2021-05-17,2021-05-17,台北市,士林區,4,6
25829,2021-05-16,2021-05-16,台北市,全區,93,201
25830,2021-05-16,2021-05-16,台北市,萬華區,65,126
25831,2021-05-16,2021-05-16,台北市,大安區,6,13
25832,2021-05-16,2021-05-16,台北市,信義區,4,10
25833,2021-05-16,2021-05-16,台北市,內湖區,2,9
25834,2021-05-16,2021-05-16,台北市,中正區,3,8
25835,2021-05-16,2021-05-16,台北市,南港區,5,7
25836,2021-05-16,2021-05-16,台北市,大同區,1,6
25837,2021-05-16,2021-05-16,台北市,文山區,3,6
25838,2021-05-16,2021-05-16,台北市,士林區,2,2
25839,2021-05-16,2021-05-16,台北市,中山區,2,2
25876,2021-05-15,2021-05-15,台北市,全區,86,108
25877,2021-05-15,2021-05-15,台北市,萬華區,55,61
25878,2021-05-15,2021-05-15,台北市,大安區,3,7
25879,2021-05-15,2021-05-15,台北市,內湖區,1,7
25880,2021-05-15,2021-05-15,台北市,北投區,5,7
25881,2021-05-15,2021-05-15,台北市,信義區,5,6
25882,2021-05-15,2021-05-15,台北市,大同區,4,5
25883,2021-05-15,2021-05-15,台北市,中正區,5,5
25884,2021-05-15,2021-05-15,台北市,松山區,5,5
25885,2021-05-15,2021-05-15,台北市,文山區,1,3
25886,2021-05-15,2021-05-15,台北市,南港區,2,2
25918,2021-05-14,2021-05-14,台北市,全區,6,22
25919,2021-05-14,2021-05-14,台北市,萬華區,4,6
25920,2021-05-14,2021-05-14,台北市,大安區,1,4
25921,2021-05-14,2021-05-14,台北市,北投區,1,2
25938,2021-05-13,2021-05-13,台北市,全區,2,16
25939,2021-05-13,2021-05-13,台北市,萬華區,1,2
25940,2021-05-13,2021-05-13,台北市,北投區,1,1
25954,2021-05-12,2021-05-12,台北市,全區,1,14
25955,2021-05-12,2021-05-12,台北市,萬華區,1,1
25970,2021-05-11,2021-05-11,台北市,全區,1,13
25971,2021-05-11,2021-05-11,台北市,內湖區,1,6
25988,2021-05-08,2021-05-08,台北市,全區,1,12
25989,2021-05-08,2021-05-08,台北市,內湖區,1,5
26008,2021-05-02,2021-05-02,台北市,全區,1,11
26009,2021-05-02,2021-05-02,台北市,大安區,1,3
26014,2021-05-01,2021-05-01,台北市,全區,1,10
26015,2021-05-01,2021-05-01,台北市,大安區,1,2
26025,2021-04-29,2021-04-29,台北市,全區,1,9
26026,2021-04-29,2021-04-29,台北市,內湖區,1,4
26541,2020-04-09,2020-04-09,台北市,全區,1,8
26542,2020-04-09,2020-04-09,台北市,文山區,1,2
26559,2020-04-03,2020-04-03,台北市,全區,1,7
26560,2020-04-03,2020-04-03,台北市,內湖區,1,3
26565,2020-04-02,2020-04-02,台北市,全區,1,6
26566,2020-04-02,2020-04-02,台北市,內湖區,1,2
26573,2020-03-31,2020-03-31,台北市,全區,1,5
26574,2020-03-31,2020-03-31,台北市,文山區,1,1
26595,2020-03-26,2020-03-26,台北市,全區,1,4
26596,2020-03-26,2020-03-26,台北市,大安區,1,1
26611,2020-03-22,2020-03-22,台北市,全區,1,3
26612,2020-03-22,2020-03-22,台北市,信義區,1,1
26623,2020-03-20,2020-03-20,台北市,全區,2,2
26624,2020-03-20,2020-03-20,台北市,大同區,1,1
26625,2020-03-20,2020-03-20,台北市,內湖區,1,1
