,觀測時間(day),氣溫(℃),露點溫度(℃),相對溼度(%),風速(m/s),降水量(mm),日最高紫外線指數,日客流量,0:工作日 1:假日,新增確診人數
0,2020-01-01,16.0,13.5,85.0,3.9,0.0,2.0,1768450.0,1.0,0
1,2020-01-02,19.9,13.9,70.0,3.8,0.0,5.0,2375895.0,0.0,0
2,2020-01-03,21.0,13.8,65.0,3.1,0.0,5.0,2559124.0,0.0,0
3,2020-01-04,21.1,14.5,68.0,2.6,0.0,5.0,2130903.0,1.0,0
4,2020-01-05,22.1,16.2,71.0,3.7,0.0,6.0,1770021.0,1.0,0
5,2020-01-06,21.6,16.4,74.0,0.8,0.0,5.0,2272277.0,0.0,0
6,2020-01-07,22.3,16.3,72.0,1.2,0.0,4.0,2316816.0,0.0,0
7,2020-01-08,18.4,12.5,69.0,4.4,0.0,5.0,2364455.0,0.0,0
8,2020-01-09,19.2,12.5,66.0,4.0,0.0,5.0,2589167.0,0.0,0
9,2020-01-10,21.6,15.6,70.0,2.4,0.0,5.0,2678263.0,0.0,0
10,2020-01-11,19.9,15.3,76.0,1.3,0.0,5.0,1833675.0,1.0,0
11,2020-01-12,15.7,11.6,77.0,2.6,0.0,1.0,1749483.0,1.0,0
12,2020-01-13,16.3,13.3,82.0,2.9,6.0,2.0,2317961.0,0.0,0
13,2020-01-14,17.7,13.8,79.0,2.6,0.1,4.0,2342929.0,0.0,0
14,2020-01-15,18.2,14.6,80.0,3.4,0.0,4.0,2370114.0,0.0,0
15,2020-01-16,19.6,15.3,77.0,1.6,0.1,5.0,2488589.0,0.0,0
16,2020-01-17,15.9,12.9,83.0,1.8,2.2,1.0,2531572.0,0.0,0
17,2020-01-18,14.6,10.2,75.0,2.3,0.0,2.0,2148604.0,1.0,0
18,2020-01-19,14.8,12.8,88.0,1.5,2.0,0.0,1894255.0,1.0,0
19,2020-01-20,15.9,10.8,73.0,2.4,0.0,5.0,2412320.0,0.0,0
20,2020-01-21,18.3,11.7,67.0,3.6,0.0,6.0,2417080.0,0.0,0
21,2020-01-22,20.8,14.1,68.0,0.9,0.0,5.0,2308679.0,0.0,0
22,2020-01-23,21.6,16.4,74.0,1.2,0.0,4.0,1369339.0,1.0,0
23,2020-01-24,21.3,18.1,83.0,1.6,0.4,5.0,823931.0,1.0,0
24,2020-01-25,20.2,17.6,86.0,1.8,0.7,4.0,1319053.0,1.0,0
25,2020-01-26,17.8,17.0,95.0,1.5,24.5,2.0,1103763.0,1.0,0
26,2020-01-27,14.7,12.4,86.0,1.9,2.1,2.0,1343930.0,1.0,0
27,2020-01-28,14.0,10.3,79.0,1.8,0.5,1.0,1404627.0,1.0,0
28,2020-01-29,12.0,8.0,77.0,1.2,0.1,1.0,1314694.0,1.0,0
29,2020-01-30,11.9,3.2,59.0,1.8,0.0,6.0,1933378.0,0.0,0
30,2020-01-31,12.0,3.8,60.0,2.3,0.0,6.0,2088499.0,0.0,0
31,2020-02-01,13.9,6.5,63.0,2.9,0.0,7.0,1692542.0,1.0,0
32,2020-02-02,17.7,9.8,62.0,2.0,0.0,6.0,1486380.0,1.0,0
33,2020-02-03,17.9,12.9,74.0,1.4,0.1,6.0,2022237.0,0.0,0
34,2020-02-04,17.1,15.7,92.0,1.3,8.1,2.0,2016734.0,0.0,0
35,2020-02-05,16.0,13.4,85.0,2.8,6.8,2.0,2028045.0,0.0,0
36,2020-02-06,19.4,14.4,74.0,3.3,0.0,6.0,2052713.0,0.0,0
37,2020-02-07,16.7,14.5,87.0,2.0,3.8,3.0,2118396.0,0.0,0
38,2020-02-08,16.2,10.9,71.0,2.3,0.0,1.0,1492598.0,1.0,0
39,2020-02-09,14.9,10.4,74.0,2.7,0.0,1.0,1303966.0,1.0,0
40,2020-02-10,16.9,9.4,62.0,3.6,0.0,6.0,1932576.0,0.0,0
41,2020-02-11,19.2,12.9,68.0,1.1,0.0,4.0,1959471.0,0.0,0
42,2020-02-12,21.5,13.9,67.0,0.9,0.0,7.0,2018313.0,0.0,0
43,2020-02-13,22.3,17.0,75.0,1.3,0.7,7.0,2003630.0,0.0,0
44,2020-02-14,21.7,18.0,82.0,1.5,1.8,6.0,2147042.0,0.0,0
45,2020-02-15,22.9,18.6,78.0,1.5,0.0,8.0,1932682.0,0.0,0
46,2020-02-16,14.3,11.4,83.0,3.2,8.0,2.0,1315524.0,1.0,0
47,2020-02-17,11.8,3.5,57.0,2.5,0.0,4.0,1906983.0,0.0,0
48,2020-02-18,13.9,4.3,53.0,3.8,0.0,7.0,1960860.0,0.0,0
49,2020-02-19,18.0,9.5,59.0,2.2,0.0,7.0,1994380.0,0.0,0
50,2020-02-20,18.0,13.4,76.0,3.0,0.0,7.0,1987124.0,0.0,0
51,2020-02-21,20.8,14.6,70.0,2.1,0.0,7.0,2083925.0,0.0,0
52,2020-02-22,19.0,15.5,81.0,3.0,0.3,6.0,1567585.0,1.0,0
53,2020-02-23,19.4,14.3,73.0,4.4,0.0,4.0,1324637.0,1.0,0
54,2020-02-24,23.1,16.2,67.0,2.3,0.0,8.0,1909235.0,0.0,0
55,2020-02-25,23.5,15.6,66.0,1.1,0.0,7.0,2013309.0,0.0,0
56,2020-02-26,23.1,16.7,70.0,2.7,0.0,7.0,2024371.0,0.0,0
57,2020-02-27,19.4,16.0,81.0,4.4,0.0,4.0,2115795.0,0.0,0
58,2020-02-28,21.9,17.2,76.0,1.6,0.0,5.0,1362756.0,1.0,0
59,2020-02-29,22.7,16.7,72.0,1.0,0.0,6.0,1348417.0,1.0,0
60,2020-03-01,21.2,16.8,77.0,1.8,0.0,6.0,1150025.0,1.0,0
61,2020-03-02,17.6,12.5,73.0,4.5,0.0,7.0,1920864.0,0.0,0
62,2020-03-03,20.4,15.0,72.0,3.7,0.0,5.0,1947228.0,0.0,0
63,2020-03-04,18.3,15.2,82.0,3.3,2.0,3.0,1968071.0,0.0,0
64,2020-03-05,14.8,12.7,87.0,3.9,15.0,2.0,1992040.0,0.0,0
65,2020-03-06,20.0,14.5,72.0,3.0,0.0,8.0,2122101.0,0.0,0
66,2020-03-07,21.8,16.7,74.0,1.3,0.0,7.0,1491282.0,1.0,0
67,2020-03-08,23.4,18.7,76.0,2.9,0.0,7.0,1241387.0,1.0,0
68,2020-03-09,23.9,19.3,77.0,1.3,1.1,6.0,1927134.0,0.0,0
69,2020-03-10,17.9,15.8,87.0,2.6,66.0,2.0,1976742.0,0.0,0
70,2020-03-11,17.8,10.4,62.0,4.3,0.0,5.0,2005818.0,0.0,0
71,2020-03-12,20.8,15.5,72.0,1.2,1.1,5.0,2000021.0,0.0,0
72,2020-03-13,19.6,18.6,94.0,1.1,67.0,5.0,2143990.0,0.0,0
73,2020-03-14,16.3,12.8,80.0,2.1,3.6,2.0,1456154.0,1.0,0
74,2020-03-15,17.6,7.5,56.0,3.1,0.0,9.0,1302332.0,1.0,0
75,2020-03-16,19.7,7.0,47.0,3.8,0.0,9.0,1914626.0,0.0,0
76,2020-03-17,21.5,11.9,56.0,1.4,0.0,7.0,1932140.0,0.0,0
77,2020-03-18,21.0,16.1,75.0,0.8,0.4,4.0,1918991.0,0.0,0
78,2020-03-19,20.4,18.5,89.0,0.8,6.0,2.0,1879624.0,0.0,0
79,2020-03-20,21.7,17.5,77.0,3.1,0.0,6.0,1978848.0,0.0,2
80,2020-03-21,24.9,17.8,67.0,0.9,0.0,6.0,1269298.0,1.0,0
81,2020-03-22,25.8,19.2,70.0,1.5,0.6,7.0,1044512.0,1.0,1
82,2020-03-23,21.5,17.7,79.0,3.9,2.0,4.0,1756821.0,0.0,0
83,2020-03-24,21.9,17.7,78.0,4.5,0.4,6.0,1791544.0,0.0,0
84,2020-03-25,25.0,19.7,75.0,1.0,0.6,7.0,1798767.0,0.0,0
85,2020-03-26,27.0,19.2,65.0,1.2,0.0,9.0,1797910.0,0.0,1
86,2020-03-27,24.8,20.2,78.0,1.8,30.1,7.0,1898513.0,0.0,0
87,2020-03-28,18.4,17.1,92.0,2.1,47.5,1.0,1133786.0,1.0,0
88,2020-03-29,17.8,13.2,75.0,3.2,0.0,5.0,1015207.0,1.0,0
89,2020-03-30,20.2,16.8,82.0,1.4,0.5,3.0,1744832.0,0.0,0
90,2020-03-31,21.0,17.8,83.0,1.9,1.6,7.0,1799561.0,0.0,1
91,2020-04-01,18.0,15.3,85.0,2.9,4.4,1.0,1845945.0,0.0,0
92,2020-04-02,19.1,16.5,85.0,3.3,15.2,6.0,963077.0,1.0,1
93,2020-04-03,20.2,17.4,85.0,2.3,1.7,7.0,906102.0,1.0,1
94,2020-04-04,18.1,14.7,81.0,2.4,0.8,2.0,808469.0,1.0,0
95,2020-04-05,17.7,12.6,72.0,2.9,1.0,2.0,847784.0,1.0,0
96,2020-04-06,18.3,14.5,79.0,3.1,6.0,3.0,1686889.0,0.0,0
97,2020-04-07,17.2,14.5,85.0,1.3,2.0,2.0,1688714.0,0.0,0
98,2020-04-08,19.0,14.5,75.0,2.3,0.1,2.0,1695986.0,0.0,0
99,2020-04-09,20.2,15.1,74.0,2.6,0.8,6.0,1696895.0,0.0,1
100,2020-04-10,23.0,14.5,60.0,4.0,0.0,9.0,1835396.0,0.0,0
101,2020-04-11,20.8,16.7,79.0,1.2,14.5,2.0,1131642.0,1.0,0
102,2020-04-12,15.5,12.1,82.0,1.5,15.0,3.0,903010.0,1.0,0
103,2020-04-13,17.1,5.6,52.0,2.0,0.0,8.0,1683979.0,0.0,0
104,2020-04-14,20.6,9.1,49.0,2.1,0.0,8.0,1714740.0,0.0,0
105,2020-04-15,21.4,12.2,57.0,1.7,0.0,7.0,1747277.0,0.0,0
106,2020-04-16,23.6,13.4,57.0,1.3,0.0,9.0,1753607.0,0.0,0
107,2020-04-17,24.2,17.0,66.0,1.4,0.0,7.0,1876971.0,0.0,0
108,2020-04-18,25.1,18.4,68.0,1.8,0.0,7.0,1257209.0,1.0,0
109,2020-04-19,25.7,20.7,75.0,0.9,0.0,5.0,1012894.0,1.0,0
110,2020-04-20,24.1,19.4,76.0,3.8,0.0,9.0,1715611.0,0.0,0
111,2020-04-21,23.0,19.1,79.0,2.0,0.1,2.0,1725523.0,0.0,0
112,2020-04-22,19.4,16.2,82.0,4.4,1.3,5.0,1752610.0,0.0,0
113,2020-04-23,17.9,15.8,88.0,4.2,16.1,6.0,1788873.0,0.0,0
114,2020-04-24,16.8,14.8,88.0,3.8,7.5,2.0,1890696.0,0.0,0
115,2020-04-25,20.2,16.3,78.0,2.2,0.0,2.0,1197038.0,1.0,0
116,2020-04-26,21.0,17.8,82.0,1.5,0.2,2.0,955981.0,1.0,0
117,2020-04-27,22.3,17.8,76.0,3.3,1.4,3.0,1735221.0,0.0,0
118,2020-04-28,24.0,15.3,59.0,4.6,0.0,9.0,1797429.0,0.0,0
119,2020-04-29,25.9,16.0,57.0,2.6,0.0,9.0,1830804.0,0.0,0
120,2020-04-30,26.7,16.8,58.0,1.2,0.0,9.0,1901675.0,0.0,0
121,2020-05-01,27.1,17.6,58.0,0.9,0.0,8.0,1452132.0,0.0,0
122,2020-05-02,27.6,19.1,62.0,1.1,0.0,9.0,1240663.0,1.0,0
123,2020-05-03,28.4,21.0,66.0,1.2,0.0,9.0,1078426.0,1.0,0
124,2020-05-04,29.8,22.3,66.0,1.0,0.0,9.0,1787247.0,0.0,0
125,2020-05-05,29.4,22.5,68.0,1.5,0.0,7.0,1838393.0,0.0,0
126,2020-05-06,27.0,21.5,73.0,2.2,0.2,8.0,1865369.0,0.0,0
127,2020-05-07,25.7,22.0,81.0,1.7,11.9,4.0,1876648.0,0.0,0
128,2020-05-08,28.4,22.3,71.0,1.4,0.0,6.0,2042650.0,0.0,0
129,2020-05-09,30.5,22.5,65.0,1.5,0.0,9.0,1367408.0,1.0,0
130,2020-05-10,29.4,24.1,75.0,1.3,3.5,8.0,1086291.0,1.0,0
131,2020-05-11,25.6,21.4,79.0,3.5,0.0,10.0,1830260.0,0.0,0
132,2020-05-12,23.4,21.0,86.0,2.6,15.5,1.0,1859597.0,0.0,0
133,2020-05-13,26.2,18.6,65.0,4.2,0.0,10.0,1916915.0,0.0,0
134,2020-05-14,28.6,20.7,64.0,1.8,0.0,8.0,1908693.0,0.0,0
135,2020-05-15,29.2,21.9,67.0,1.3,0.0,9.0,2100221.0,0.0,0
136,2020-05-16,27.3,23.1,80.0,1.5,13.0,9.0,1421929.0,1.0,0
137,2020-05-17,28.6,21.0,66.0,1.4,0.0,10.0,1207244.0,1.0,0
138,2020-05-18,26.4,23.3,83.0,1.6,18.6,6.0,1839176.0,0.0,0
139,2020-05-19,23.8,22.7,94.0,2.0,31.0,2.0,1890073.0,0.0,0
140,2020-05-20,24.8,22.4,87.0,2.5,2.7,7.0,1957849.0,0.0,0
141,2020-05-21,25.2,23.0,88.0,2.1,47.0,6.0,1945985.0,0.0,0
142,2020-05-22,24.2,24.1,100.0,1.2,77.5,2.0,2062207.0,0.0,0
143,2020-05-23,23.9,23.4,97.0,1.4,21.4,3.0,1419585.0,1.0,0
144,2020-05-24,26.1,21.2,76.0,3.0,0.0,12.0,1316526.0,1.0,0
145,2020-05-25,27.1,22.8,78.0,1.8,0.0,9.0,1899805.0,0.0,0
146,2020-05-26,28.5,23.3,74.0,1.3,3.5,6.0,1925792.0,0.0,0
147,2020-05-27,24.5,22.5,89.0,3.1,17.0,9.0,1981150.0,0.0,0
148,2020-05-28,23.1,23.0,99.0,2.2,120.0,3.0,1960490.0,0.0,0
149,2020-05-29,26.1,23.7,89.0,0.9,23.0,10.0,2138843.0,0.0,0
150,2020-05-30,28.6,23.0,74.0,1.2,0.0,8.0,1610380.0,1.0,0
151,2020-05-31,29.5,23.2,71.0,1.4,0.0,11.0,1345544.0,1.0,0
152,2020-06-01,29.2,24.1,77.0,1.5,3.5,8.0,1899578.0,0.0,0
153,2020-06-02,29.1,24.2,77.0,0.9,1.8,9.0,1945985.0,0.0,0
154,2020-06-03,30.6,22.9,66.0,1.8,0.0,9.0,1995307.0,0.0,0
155,2020-06-04,31.0,22.5,63.0,2.3,0.0,13.0,1998126.0,0.0,0
156,2020-06-05,31.1,23.4,65.0,1.5,0.0,10.0,2154191.0,0.0,0
157,2020-06-06,30.9,22.8,64.0,2.0,0.0,9.0,1622835.0,1.0,0
158,2020-06-07,27.2,24.7,87.0,1.1,19.3,4.0,1262288.0,1.0,0
159,2020-06-08,26.7,24.1,86.0,0.9,0.8,3.0,1933336.0,0.0,0
160,2020-06-09,27.6,23.1,78.0,1.2,0.4,6.0,1988084.0,0.0,0
161,2020-06-10,30.0,21.9,64.0,1.0,0.0,9.0,2034598.0,0.0,0
162,2020-06-11,29.8,23.8,71.0,1.1,0.1,6.0,2032739.0,0.0,0
163,2020-06-12,30.8,23.4,66.0,1.2,0.0,9.0,2205414.0,0.0,0
164,2020-06-13,30.7,23.5,67.0,1.0,0.0,11.0,1719800.0,1.0,0
165,2020-06-14,28.9,24.9,82.0,1.2,79.8,7.0,1342973.0,1.0,0
166,2020-06-15,30.3,23.4,70.0,1.7,0.0,10.0,1960025.0,0.0,0
167,2020-06-16,31.5,22.5,62.0,2.4,0.0,11.0,2003406.0,0.0,0
168,2020-06-17,32.0,22.9,61.0,1.8,0.0,11.0,2022309.0,0.0,0
169,2020-06-18,32.3,22.6,59.0,1.8,0.0,12.0,2037520.0,0.0,0
170,2020-06-19,32.2,22.9,60.0,1.9,0.0,11.0,2125564.0,0.0,0
171,2020-06-20,32.2,22.8,59.0,1.4,0.0,11.0,1949747.0,0.0,0
172,2020-06-21,31.9,22.7,60.0,2.3,0.0,10.0,1370671.0,1.0,0
173,2020-06-22,32.1,22.7,59.0,2.2,0.0,11.0,1977350.0,0.0,0
174,2020-06-23,32.6,23.0,59.0,1.9,0.0,12.0,2046911.0,0.0,0
175,2020-06-24,31.8,23.3,62.0,1.8,0.0,11.0,2141652.0,0.0,0
176,2020-06-25,31.4,23.3,64.0,1.7,0.0,11.0,1220374.0,1.0,0
177,2020-06-26,29.0,23.8,76.0,1.6,8.1,10.0,1403321.0,1.0,0
178,2020-06-27,31.2,23.1,65.0,1.4,0.0,10.0,1470404.0,1.0,0
179,2020-06-28,30.8,23.5,68.0,1.4,4.2,13.0,1279288.0,1.0,0
180,2020-06-29,30.8,23.8,68.0,1.7,0.0,9.0,1971858.0,0.0,0
181,2020-06-30,30.7,24.1,69.0,1.8,0.0,8.0,2018572.0,0.0,0
182,2020-07-01,29.4,24.7,78.0,1.4,9.0,7.0,1978554.0,0.0,0
183,2020-07-02,27.8,24.4,84.0,1.0,57.5,7.0,1999345.0,0.0,0
184,2020-07-03,30.0,23.8,73.0,1.3,0.0,12.0,2174044.0,0.0,0
185,2020-07-04,31.2,23.2,65.0,1.8,0.0,12.0,1699704.0,1.0,0
186,2020-07-05,31.0,23.4,66.0,1.9,0.0,10.0,1401834.0,1.0,0
187,2020-07-06,31.2,23.5,65.0,1.8,0.0,8.0,1972792.0,0.0,0
188,2020-07-07,31.0,24.2,69.0,1.5,0.0,9.0,2009707.0,0.0,0
189,2020-07-08,31.4,23.7,65.0,1.8,0.0,12.0,2030401.0,0.0,0
190,2020-07-09,31.5,23.4,63.0,1.5,0.0,9.0,2039102.0,0.0,0
191,2020-07-10,32.2,23.0,61.0,2.0,0.0,12.0,2218776.0,0.0,0
192,2020-07-11,31.4,23.1,63.0,1.6,0.0,10.0,1698437.0,1.0,0
193,2020-07-12,32.5,22.9,59.0,1.6,0.0,12.0,1424309.0,1.0,0
194,2020-07-13,32.7,22.5,57.0,1.3,0.0,11.0,1992162.0,0.0,0
195,2020-07-14,32.0,22.7,59.0,1.8,0.0,10.0,2111141.0,0.0,0
196,2020-07-15,31.6,24.5,67.0,1.7,0.0,10.0,2078307.0,0.0,0
197,2020-07-16,31.4,23.0,63.0,2.1,0.0,9.0,2080553.0,0.0,0
198,2020-07-17,31.9,22.7,60.0,1.7,0.0,9.0,2206054.0,0.0,0
199,2020-07-18,31.9,23.4,63.0,2.2,0.0,12.0,1762290.0,1.0,0
200,2020-07-19,30.8,24.5,72.0,1.4,13.5,10.0,1458825.0,1.0,0
201,2020-07-20,29.6,23.6,73.0,1.5,4.0,11.0,1996568.0,0.0,0
202,2020-07-21,30.2,23.4,70.0,1.1,1.0,9.0,2066055.0,0.0,0
203,2020-07-22,31.2,23.4,65.0,1.6,0.0,11.0,2090795.0,0.0,0
204,2020-07-23,30.5,24.0,70.0,1.8,0.1,9.0,2079594.0,0.0,0
205,2020-07-24,32.4,23.3,61.0,1.6,0.0,11.0,2204592.0,0.0,0
206,2020-07-25,30.2,24.1,71.0,1.9,6.0,7.0,1727187.0,1.0,0
207,2020-07-26,28.4,23.7,78.0,1.7,38.5,9.0,1431798.0,1.0,0
208,2020-07-27,28.5,23.6,78.0,1.4,3.5,11.0,1983493.0,0.0,0
209,2020-07-28,29.7,23.3,70.0,1.5,0.5,10.0,2044127.0,0.0,0
210,2020-07-29,31.2,22.2,61.0,3.1,0.0,13.0,2098116.0,0.0,0
211,2020-07-30,30.7,23.1,64.0,4.0,0.0,8.0,2131785.0,0.0,0
212,2020-07-31,32.1,22.6,58.0,4.2,0.0,13.0,2268363.0,0.0,0
213,2020-08-01,32.3,22.2,56.0,3.1,0.0,13.0,1810712.0,1.0,0
214,2020-08-02,30.8,23.3,66.0,2.2,2.0,12.0,1461997.0,1.0,0
215,2020-08-03,26.6,26.1,97.0,1.9,91.0,2.0,1842539.0,0.0,0
216,2020-08-04,28.1,24.7,84.0,1.0,36.5,8.0,2024906.0,0.0,0
217,2020-08-05,29.6,23.8,73.0,1.2,0.0,9.0,2084153.0,0.0,0
218,2020-08-06,31.4,22.6,62.0,1.8,0.0,11.0,2106021.0,0.0,0
219,2020-08-07,31.4,23.0,63.0,1.2,0.0,9.0,2211091.0,0.0,0
220,2020-08-08,30.9,23.3,65.0,1.7,0.0,8.0,1577575.0,1.0,0
221,2020-08-09,30.6,23.2,65.0,1.2,0.0,8.0,1465362.0,1.0,0
222,2020-08-10,30.0,24.6,75.0,1.2,8.0,5.0,2007711.0,0.0,0
223,2020-08-11,28.3,25.3,86.0,1.0,13.5,6.0,2013730.0,0.0,0
224,2020-08-12,29.6,24.6,77.0,1.2,5.0,12.0,2091846.0,0.0,0
225,2020-08-13,29.9,24.6,76.0,1.4,12.5,11.0,2117883.0,0.0,0
226,2020-08-14,29.7,23.3,72.0,1.5,5.5,11.0,2222235.0,0.0,0
227,2020-08-15,29.7,22.7,68.0,1.3,0.0,9.0,1791524.0,1.0,0
228,2020-08-16,30.2,22.8,66.0,1.6,0.0,8.0,1532070.0,1.0,0
229,2020-08-17,30.9,22.4,61.0,3.6,0.0,12.0,2008897.0,0.0,0
230,2020-08-18,30.9,22.7,63.0,3.9,0.0,11.0,2085644.0,0.0,0
231,2020-08-19,31.6,21.6,57.0,3.2,0.0,12.0,2114252.0,0.0,0
232,2020-08-20,31.6,21.9,58.0,3.0,0.0,11.0,2123579.0,0.0,0
233,2020-08-21,31.1,22.3,61.0,3.8,0.0,10.0,2264473.0,0.0,0
234,2020-08-22,28.0,24.9,85.0,2.1,22.5,9.0,1834128.0,1.0,0
235,2020-08-23,29.8,23.2,70.0,2.9,8.5,11.0,1516520.0,1.0,0
236,2020-08-24,31.8,23.1,62.0,1.6,0.0,10.0,2015157.0,0.0,0
237,2020-08-25,32.9,23.2,59.0,2.2,0.0,11.0,2120671.0,0.0,0
238,2020-08-26,31.0,22.7,63.0,2.1,0.0,11.0,2093049.0,0.0,0
239,2020-08-27,27.7,23.9,83.0,1.7,95.5,8.0,2033979.0,0.0,0
240,2020-08-28,29.2,24.1,77.0,1.2,2.5,8.0,2184999.0,0.0,0
241,2020-08-29,29.4,24.2,74.0,2.5,0.0,9.0,1771453.0,1.0,0
242,2020-08-30,30.9,23.6,67.0,2.9,0.0,11.0,1428215.0,1.0,0
243,2020-08-31,29.1,25.4,81.0,1.7,19.5,10.0,1977237.0,0.0,0
244,2020-09-01,29.6,24.0,75.0,2.0,12.5,10.0,2011847.0,0.0,0
245,2020-09-02,31.7,22.5,61.0,1.7,0.0,10.0,1994222.0,0.0,0
246,2020-09-03,28.8,24.0,77.0,1.5,16.0,7.0,2044215.0,0.0,0
247,2020-09-04,29.3,23.0,70.0,2.9,0.0,9.0,2208290.0,0.0,0
248,2020-09-05,28.9,20.4,62.0,1.6,0.0,9.0,1748785.0,1.0,0
249,2020-09-06,28.1,17.2,54.0,1.8,0.0,10.0,1468962.0,1.0,0
250,2020-09-07,28.8,17.2,52.0,1.7,0.0,9.0,2031447.0,0.0,0
251,2020-09-08,29.5,21.3,63.0,1.5,0.5,8.0,2075542.0,0.0,0
252,2020-09-09,29.4,21.8,66.0,1.3,0.1,7.0,2102981.0,0.0,0
253,2020-09-10,28.2,23.2,76.0,1.6,1.5,6.0,2125586.0,0.0,0
254,2020-09-11,29.7,22.9,69.0,1.1,0.5,8.0,2274855.0,0.0,0
255,2020-09-12,28.8,23.7,75.0,1.9,0.0,5.0,1820627.0,1.0,0
256,2020-09-13,27.7,24.2,82.0,2.3,1.0,7.0,1514241.0,1.0,0
257,2020-09-14,29.5,23.5,72.0,2.3,0.0,8.0,2056520.0,0.0,0
258,2020-09-15,30.2,23.4,68.0,1.4,0.0,8.0,2107613.0,0.0,0
259,2020-09-16,30.5,23.8,69.0,1.5,0.1,9.0,2129672.0,0.0,0
260,2020-09-17,31.3,23.5,65.0,1.3,0.0,8.0,2157132.0,0.0,0
261,2020-09-18,30.6,24.2,71.0,2.0,7.0,9.0,2327439.0,0.0,0
262,2020-09-19,30.4,23.7,68.0,1.3,0.0,7.0,1876983.0,1.0,0
263,2020-09-20,27.2,23.7,82.0,2.5,2.0,10.0,1495774.0,1.0,0
264,2020-09-21,27.4,20.7,68.0,2.7,0.0,9.0,2062077.0,0.0,0
265,2020-09-22,27.3,18.5,60.0,2.9,0.0,10.0,2124492.0,0.0,0
266,2020-09-23,27.7,19.0,61.0,2.9,0.0,9.0,2168127.0,0.0,0
267,2020-09-24,25.1,22.4,86.0,1.4,23.0,2.0,2195669.0,0.0,0
268,2020-09-25,24.0,21.4,86.0,1.6,2.5,3.0,2316420.0,0.0,0
269,2020-09-26,23.9,21.3,86.0,2.3,2.5,3.0,2124727.0,0.0,0
270,2020-09-27,21.6,21.5,99.0,2.1,39.5,2.0,1457375.0,1.0,0
271,2020-09-28,22.5,22.5,100.0,1.9,16.5,3.0,2146697.0,0.0,0
272,2020-09-29,24.5,20.2,79.0,2.2,1.0,7.0,2206789.0,0.0,0
273,2020-09-30,21.6,20.4,93.0,1.5,3.5,2.0,2337459.0,0.0,0
274,2020-10-01,25.1,19.0,72.0,2.9,0.0,9.0,1366468.0,1.0,0
275,2020-10-02,26.9,20.8,71.0,4.2,0.0,9.0,1494585.0,1.0,0
276,2020-10-03,28.6,21.1,67.0,3.3,0.0,9.0,1599791.0,1.0,0
277,2020-10-04,29.3,21.3,65.0,2.5,0.0,9.0,1411474.0,1.0,0
278,2020-10-05,24.2,22.0,87.0,3.5,1.0,3.0,2082087.0,0.0,0
279,2020-10-06,24.0,18.4,71.0,3.3,0.0,4.0,2130461.0,0.0,0
280,2020-10-07,24.3,17.8,67.0,2.6,0.0,4.0,2156726.0,0.0,0
281,2020-10-08,24.2,18.8,73.0,2.3,0.5,4.0,2317144.0,0.0,0
282,2020-10-09,23.0,20.7,88.0,1.2,2.0,3.0,1691498.0,1.0,0
283,2020-10-10,24.2,20.7,80.0,2.6,0.0,3.0,1693574.0,1.0,0
284,2020-10-11,25.5,23.0,86.0,3.4,2.0,7.0,1450111.0,1.0,0
285,2020-10-12,26.1,23.9,88.0,4.2,5.5,10.0,2075960.0,0.0,0
286,2020-10-13,24.5,23.8,96.0,4.4,7.5,5.0,2165380.0,0.0,0
287,2020-10-14,25.1,21.6,81.0,4.6,0.5,6.0,2171465.0,0.0,0
288,2020-10-15,25.4,21.4,79.0,4.9,0.1,4.0,2187443.0,0.0,0
289,2020-10-16,25.0,22.7,87.0,4.1,2.0,6.0,2376071.0,0.0,0
290,2020-10-17,23.5,20.3,82.0,3.3,0.0,2.0,1938626.0,1.0,0
291,2020-10-18,22.7,20.1,85.0,3.3,0.1,5.0,1615795.0,1.0,0
292,2020-10-19,22.8,19.8,84.0,3.1,0.0,2.0,2086520.0,0.0,0
293,2020-10-20,23.9,21.2,85.0,4.1,0.0,6.0,2155028.0,0.0,0
294,2020-10-21,25.3,23.5,90.0,4.1,1.0,6.0,2183781.0,0.0,0
295,2020-10-22,22.5,20.1,87.0,2.1,0.5,2.0,2194584.0,0.0,0
296,2020-10-23,20.6,17.3,82.0,2.3,3.0,2.0,2392132.0,0.0,0
297,2020-10-24,22.5,14.7,62.0,4.4,0.0,7.0,1966280.0,1.0,0
298,2020-10-25,24.0,16.9,65.0,4.3,0.0,8.0,1611758.0,1.0,0
299,2020-10-26,25.6,18.0,64.0,4.2,0.0,7.0,2103112.0,0.0,0
300,2020-10-27,25.5,18.7,67.0,4.3,0.0,7.0,2143533.0,0.0,0
301,2020-10-28,25.7,19.9,71.0,3.8,0.0,5.0,2169275.0,0.0,0
302,2020-10-29,24.2,19.8,76.0,3.2,0.0,3.0,2155924.0,0.0,0
303,2020-10-30,23.0,15.9,65.0,3.1,0.0,4.0,2357501.0,0.0,0
304,2020-10-31,23.3,15.3,62.0,3.4,0.0,7.0,2029537.0,1.0,0
305,2020-11-01,25.2,19.0,70.0,3.5,0.1,7.0,1567485.0,1.0,0
306,2020-11-02,24.6,18.8,71.0,3.4,0.0,5.0,2074223.0,0.0,0
307,2020-11-03,21.6,16.0,72.0,3.0,0.5,4.0,2106907.0,0.0,0
308,2020-11-04,21.8,14.3,63.0,3.5,0.0,6.0,2142885.0,0.0,0
309,2020-11-05,22.9,17.9,74.0,3.6,0.0,5.0,2189520.0,0.0,0
310,2020-11-06,27.0,22.8,79.0,4.2,0.5,5.0,2359951.0,0.0,0
311,2020-11-07,27.5,21.2,70.0,2.9,0.0,7.0,1959931.0,1.0,0
312,2020-11-08,20.9,17.8,83.0,2.9,0.0,2.0,1575354.0,1.0,0
313,2020-11-09,20.8,15.2,70.0,3.5,0.0,4.0,2084813.0,0.0,0
314,2020-11-10,20.5,15.8,75.0,3.1,0.5,4.0,2152019.0,0.0,0
315,2020-11-11,22.5,15.0,63.0,4.2,0.1,6.0,2207335.0,0.0,0
316,2020-11-12,22.0,18.8,82.0,4.1,0.5,4.0,2196838.0,0.0,0
317,2020-11-13,21.9,21.2,96.0,3.0,11.0,2.0,2447156.0,0.0,0
318,2020-11-14,21.9,18.7,83.0,3.7,4.0,3.0,2013294.0,1.0,0
319,2020-11-15,24.8,19.0,71.0,3.7,0.0,6.0,1745924.0,1.0,0
320,2020-11-16,25.2,19.7,73.0,3.6,0.0,5.0,2161787.0,0.0,0
321,2020-11-17,25.8,19.5,69.0,4.1,0.0,6.0,2166076.0,0.0,0
322,2020-11-18,26.7,19.9,68.0,1.1,0.0,6.0,2197863.0,0.0,0
323,2020-11-19,26.9,19.8,67.0,1.5,0.0,6.0,2213101.0,0.0,0
324,2020-11-20,25.4,20.9,77.0,2.4,0.0,3.0,2395875.0,0.0,0
325,2020-11-21,24.0,22.1,89.0,3.5,0.5,4.0,1975062.0,1.0,0
326,2020-11-22,24.6,20.4,79.0,1.9,0.0,5.0,1719862.0,1.0,0
327,2020-11-23,21.8,19.1,85.0,4.3,0.0,3.0,2102607.0,0.0,0
328,2020-11-24,22.9,18.4,76.0,4.3,0.0,6.0,2152084.0,0.0,0
329,2020-11-25,24.6,19.2,73.0,4.4,0.0,6.0,2201825.0,0.0,0
330,2020-11-26,25.7,18.6,67.0,3.5,0.0,6.0,2212287.0,0.0,0
331,2020-11-27,21.9,17.8,78.0,3.8,0.0,2.0,2395438.0,0.0,0
332,2020-11-28,20.3,17.1,83.0,3.5,1.0,3.0,1933229.0,1.0,0
333,2020-11-29,18.8,16.7,88.0,3.7,1.0,3.0,1611237.0,1.0,0
334,2020-11-30,18.8,16.6,87.0,4.0,2.0,3.0,2132384.0,0.0,0
335,2020-12-01,18.8,18.3,97.0,3.2,20.5,1.0,2153119.0,0.0,0
336,2020-12-02,19.3,16.6,85.0,3.0,7.5,3.0,2216949.0,0.0,0
337,2020-12-03,17.0,15.3,90.0,2.2,3.0,1.0,2235258.0,0.0,0
338,2020-12-04,16.9,15.9,94.0,3.3,3.0,3.0,2478901.0,0.0,0
339,2020-12-05,17.7,16.4,92.0,3.3,0.5,3.0,2120857.0,1.0,0
340,2020-12-06,19.3,18.3,94.0,3.2,0.5,3.0,1757729.0,1.0,0
341,2020-12-07,20.5,18.8,91.0,3.0,0.0,4.0,2146482.0,0.0,0
342,2020-12-08,18.8,17.6,93.0,3.3,4.0,4.0,2202929.0,0.0,0
343,2020-12-09,19.3,19.3,100.0,3.1,27.0,2.0,2235903.0,0.0,0
344,2020-12-10,21.0,19.7,93.0,2.4,3.5,4.0,2270502.0,0.0,0
345,2020-12-11,20.5,19.7,96.0,2.3,10.0,2.0,2470696.0,0.0,0
346,2020-12-12,19.7,16.6,83.0,2.4,0.0,2.0,2268320.0,1.0,0
347,2020-12-13,20.5,16.0,76.0,1.8,0.0,5.0,1857480.0,1.0,0
348,2020-12-14,18.0,15.5,85.0,3.4,0.5,2.0,2163973.0,0.0,0
349,2020-12-15,15.6,15.5,99.0,3.0,12.0,1.0,2236243.0,0.0,0
350,2020-12-16,15.5,15.4,100.0,3.2,12.0,2.0,2274377.0,0.0,0
351,2020-12-17,16.6,15.1,91.0,3.9,2.0,4.0,2317323.0,0.0,0
352,2020-12-18,18.9,17.2,90.0,1.6,1.0,3.0,2519964.0,0.0,0
353,2020-12-19,16.8,14.9,89.0,2.8,0.1,2.0,2176716.0,1.0,0
354,2020-12-20,16.0,14.7,92.0,3.8,1.5,3.0,1820832.0,1.0,0
355,2020-12-21,15.7,14.8,94.0,3.7,3.0,2.0,2198564.0,0.0,0
356,2020-12-22,18.7,16.7,89.0,4.0,0.5,5.0,2259063.0,0.0,0
357,2020-12-23,19.4,19.0,98.0,1.9,19.5,2.0,2268912.0,0.0,0
358,2020-12-24,18.6,16.5,88.0,1.6,5.0,2.0,2292874.0,0.0,0
359,2020-12-25,17.4,14.4,83.0,2.6,0.5,1.0,2478488.0,0.0,0
360,2020-12-26,19.9,16.1,80.0,1.9,0.0,5.0,2009816.0,1.0,0
361,2020-12-27,19.7,16.6,83.0,1.5,1.0,3.0,1621732.0,1.0,0
362,2020-12-28,20.2,16.9,82.0,4.1,3.0,3.0,2154767.0,0.0,0
363,2020-12-29,21.6,17.6,79.0,1.2,0.0,4.0,2216991.0,0.0,0
364,2020-12-30,12.7,7.4,70.0,3.0,4.0,1.0,2232640.0,0.0,0
365,2020-12-31,9.9,3.1,62.0,2.5,0.0,1.0,2579413.0,0.0,0
366,2021-01-01,13.5,7.0,65.0,1.9,0.0,4.0,1402989.0,1.0,0
367,2021-01-02,14.4,10.7,78.0,2.4,0.0,3.0,1520804.0,1.0,0
368,2021-01-03,18.0,14.0,78.0,2.2,0.0,7.0,1395246.0,1.0,0
369,2021-01-04,18.2,17.1,93.0,1.3,4.0,5.0,2080804.0,0.0,0
370,2021-01-05,16.8,15.0,89.0,2.1,0.5,2.0,2125152.0,0.0,0
371,2021-01-06,15.0,13.3,90.0,2.6,1.5,2.0,2163136.0,0.0,0
372,2021-01-07,12.0,10.2,89.0,2.3,6.5,1.0,2152215.0,0.0,0
373,2021-01-08,8.2,6.1,88.0,1.7,4.0,0.0,2288184.0,0.0,0
374,2021-01-09,9.3,1.9,60.0,2.1,0.0,2.0,1678013.0,1.0,0
375,2021-01-10,13.1,5.9,62.0,2.6,0.1,5.0,1414776.0,1.0,0
376,2021-01-11,11.4,10.5,94.0,1.5,14.5,1.0,2095713.0,0.0,0
377,2021-01-12,10.3,5.8,75.0,1.6,3.5,4.0,2128063.0,0.0,0
378,2021-01-13,13.0,6.5,68.0,1.5,0.0,6.0,2174910.0,0.0,0
379,2021-01-14,15.4,8.6,67.0,1.8,0.0,6.0,2203013.0,0.0,0
380,2021-01-15,16.5,10.8,72.0,1.3,0.0,6.0,2389948.0,0.0,0
381,2021-01-16,17.5,12.4,73.0,2.9,0.1,7.0,1782740.0,1.0,0
382,2021-01-17,13.6,9.6,77.0,2.5,0.1,1.0,1395292.0,1.0,0
383,2021-01-18,14.3,7.7,65.0,3.0,0.0,4.0,2067158.0,0.0,0
384,2021-01-19,17.1,10.3,65.0,3.5,0.0,6.0,2135352.0,0.0,0
385,2021-01-20,20.7,15.3,71.0,3.7,0.0,7.0,2233831.0,0.0,0
386,2021-01-21,23.7,17.1,68.0,1.7,0.0,7.0,2105986.0,0.0,0
387,2021-01-22,22.5,19.6,84.0,2.7,0.1,6.0,2185131.0,0.0,0
388,2021-01-23,20.4,17.8,85.0,1.6,0.5,6.0,1636572.0,1.0,0
389,2021-01-24,17.6,13.1,75.0,3.3,0.0,5.0,1412602.0,1.0,0
390,2021-01-25,18.9,14.1,74.0,1.9,0.0,6.0,2000447.0,0.0,0
391,2021-01-26,18.8,15.3,81.0,1.7,1.0,6.0,2050066.0,0.0,0
392,2021-01-27,18.2,15.0,82.0,2.9,0.1,3.0,2055668.0,0.0,0
393,2021-01-28,16.1,12.5,80.0,2.0,5.0,2.0,2050506.0,0.0,0
394,2021-01-29,15.0,6.3,56.0,3.6,0.0,6.0,2193252.0,0.0,0
395,2021-01-30,18.0,10.3,61.0,3.2,0.0,8.0,1689077.0,1.0,0
396,2021-01-31,19.2,12.1,64.0,1.4,0.0,7.0,1421231.0,1.0,0
397,2021-02-01,19.0,12.4,67.0,1.3,0.0,6.0,2014033.0,0.0,0
398,2021-02-02,17.2,12.7,75.0,2.0,0.1,4.0,2048542.0,0.0,0
399,2021-02-03,19.0,10.5,58.0,3.3,0.0,7.0,2108763.0,0.0,0
400,2021-02-04,19.8,13.3,67.0,2.8,0.0,7.0,2124265.0,0.0,0
401,2021-02-05,21.2,14.2,65.0,2.2,0.0,7.0,2249784.0,0.0,0
402,2021-02-06,19.9,14.8,73.0,1.9,0.0,7.0,1681012.0,1.0,0
403,2021-02-07,21.7,16.3,72.0,2.2,0.0,8.0,1403610.0,1.0,0
404,2021-02-08,19.3,15.6,80.0,3.2,0.1,2.0,2020890.0,0.0,0
405,2021-02-09,17.2,13.7,80.0,3.7,0.1,3.0,1976086.0,0.0,0
406,2021-02-10,20.7,16.7,79.0,3.4,5.5,8.0,1133921.0,1.0,0
407,2021-02-11,19.1,18.1,94.0,1.8,23.5,4.0,671712.0,1.0,0
408,2021-02-12,19.7,17.6,88.0,2.0,4.0,7.0,1044332.0,1.0,0
409,2021-02-13,19.0,17.7,93.0,1.4,4.0,4.0,1012682.0,1.0,0
410,2021-02-14,18.6,16.2,86.0,1.6,0.1,5.0,1342891.0,1.0,0
411,2021-02-15,19.0,13.1,70.0,2.6,0.0,8.0,1469423.0,1.0,0
412,2021-02-16,20.6,13.8,66.0,2.1,1.5,8.0,1386871.0,1.0,0
413,2021-02-17,15.9,10.5,72.0,2.1,3.5,2.0,1913173.0,0.0,0
414,2021-02-18,14.5,4.6,52.0,2.6,0.0,8.0,2067078.0,0.0,0
415,2021-02-19,15.6,6.6,56.0,2.6,0.0,7.0,2154504.0,0.0,0
416,2021-02-20,17.0,10.1,67.0,1.5,0.0,8.0,2060354.0,0.0,0
417,2021-02-21,18.3,11.0,65.0,1.5,0.0,8.0,1557465.0,1.0,0
418,2021-02-22,20.0,12.3,64.0,1.4,0.0,7.0,2117967.0,0.0,0
419,2021-02-23,21.7,16.2,72.0,2.8,0.0,8.0,2148289.0,0.0,0
420,2021-02-24,23.1,16.5,68.0,3.1,0.1,8.0,2181721.0,0.0,0
421,2021-02-25,22.8,17.4,72.0,1.5,0.0,7.0,2187034.0,0.0,0
422,2021-02-26,20.7,17.3,81.0,1.4,0.1,4.0,2317853.0,0.0,0
423,2021-02-27,17.1,16.0,93.0,1.3,4.5,1.0,1746297.0,1.0,0
424,2021-02-28,17.8,15.2,85.0,1.4,0.1,3.0,1763396.0,1.0,0
425,2021-03-01,21.6,17.5,79.0,1.2,0.0,6.0,1558770.0,1.0,0
426,2021-03-02,16.4,14.1,87.0,2.2,10.0,3.0,2142858.0,0.0,0
427,2021-03-03,16.9,14.3,85.0,2.9,0.5,2.0,2158686.0,0.0,0
428,2021-03-04,18.1,16.5,91.0,1.4,1.5,5.0,2178873.0,0.0,0
429,2021-03-05,20.4,17.7,85.0,2.7,0.5,7.0,2371738.0,0.0,0
430,2021-03-06,18.2,17.5,96.0,1.2,33.5,3.0,1706831.0,1.0,0
431,2021-03-07,17.9,16.9,94.0,1.9,1.5,3.0,1480930.0,1.0,0
432,2021-03-08,18.2,16.4,90.0,2.5,0.1,5.0,2115319.0,0.0,0
433,2021-03-09,19.8,17.5,87.0,2.5,0.1,7.0,2156282.0,0.0,0
434,2021-03-10,18.9,16.5,86.0,3.4,0.1,6.0,2195013.0,0.0,0
435,2021-03-11,22.0,17.8,78.0,1.9,0.0,8.0,2206570.0,0.0,0
436,2021-03-12,20.0,17.3,85.0,2.4,0.0,7.0,2379578.0,0.0,0
437,2021-03-13,18.9,12.7,68.0,3.3,0.0,10.0,1909273.0,1.0,0
438,2021-03-14,20.3,14.1,68.0,3.2,0.1,10.0,1626631.0,1.0,0
439,2021-03-15,22.7,16.4,69.0,1.6,0.0,10.0,2106648.0,0.0,0
440,2021-03-16,23.9,17.1,68.0,1.4,0.0,10.0,2165519.0,0.0,0
441,2021-03-17,22.1,19.2,84.0,1.8,0.0,9.0,2186962.0,0.0,0
442,2021-03-18,21.6,19.8,90.0,1.1,0.0,5.0,2189400.0,0.0,0
443,2021-03-19,23.0,19.5,81.0,1.4,0.0,8.0,2366482.0,0.0,0
444,2021-03-20,22.8,19.4,82.0,1.8,0.0,8.0,1898339.0,1.0,0
445,2021-03-21,17.1,13.5,80.0,3.0,0.0,3.0,1511129.0,1.0,0
446,2021-03-22,13.5,11.1,86.0,2.5,9.5,1.0,2082651.0,0.0,0
447,2021-03-23,17.7,11.4,67.0,2.8,0.1,3.0,2153389.0,0.0,0
448,2021-03-24,16.3,14.4,89.0,1.4,20.5,3.0,2185958.0,0.0,0
449,2021-03-25,16.9,14.3,85.0,1.9,0.0,8.0,2219073.0,0.0,0
450,2021-03-26,22.3,18.0,78.0,2.0,0.0,8.0,2401875.0,0.0,0
451,2021-03-27,23.3,18.3,76.0,1.3,0.0,9.0,1895668.0,1.0,0
452,2021-03-28,23.9,20.9,84.0,1.3,0.0,8.0,1592036.0,1.0,0
453,2021-03-29,24.7,21.4,83.0,1.0,0.0,8.0,2129008.0,0.0,0
454,2021-03-30,25.1,22.8,88.0,1.4,0.1,5.0,2160597.0,0.0,0
455,2021-03-31,24.5,22.7,90.0,1.1,0.1,4.0,2230030.0,0.0,0
456,2021-04-01,26.3,24.1,89.0,1.0,0.0,6.0,2265611.0,0.0,0
457,2021-04-02,26.3,23.3,85.0,1.3,0.0,7.0,1655378.0,1.0,0
458,2021-04-03,25.2,22.7,87.0,1.6,0.0,7.0,1564801.0,1.0,0
459,2021-04-04,19.6,17.5,88.0,3.6,0.0,4.0,1380448.0,1.0,0
460,2021-04-05,17.7,9.6,60.0,3.3,0.0,9.0,1428829.0,1.0,0
461,2021-04-06,18.9,13.0,69.0,2.8,0.0,9.0,2096130.0,0.0,0
462,2021-04-07,20.4,14.2,68.0,3.4,0.0,11.0,2151189.0,0.0,0
463,2021-04-08,20.0,17.0,84.0,2.2,0.1,2.0,2164371.0,0.0,0
464,2021-04-09,16.8,15.9,95.0,2.6,0.5,2.0,2343286.0,0.0,0
465,2021-04-10,18.9,18.1,95.0,2.1,0.0,3.0,1856608.0,1.0,0
466,2021-04-11,24.3,19.9,79.0,1.9,0.0,10.0,1612559.0,1.0,0
467,2021-04-12,24.7,20.4,79.0,1.5,0.0,9.0,2111752.0,0.0,0
468,2021-04-13,23.6,20.7,86.0,2.0,0.1,8.0,2150148.0,0.0,0
469,2021-04-14,19.7,18.0,90.0,2.8,0.1,5.0,2170091.0,0.0,0
470,2021-04-15,20.6,17.8,84.0,2.3,0.1,4.0,2179814.0,0.0,0
471,2021-04-16,21.3,18.2,83.0,2.2,0.0,11.0,2361705.0,0.0,0
472,2021-04-17,22.2,16.4,71.0,2.6,0.1,11.0,1896423.0,1.0,0
473,2021-04-18,20.9,12.3,58.0,4.2,0.0,9.0,1547368.0,1.0,0
474,2021-04-19,21.6,14.5,64.0,3.8,0.1,10.0,2076745.0,0.0,0
475,2021-04-20,23.9,14.8,57.0,4.0,0.0,12.0,2152008.0,0.0,0
476,2021-04-21,24.8,18.1,68.0,4.0,0.0,12.0,2187382.0,0.0,0
477,2021-04-22,26.8,21.7,75.0,2.8,0.1,9.0,2215312.0,0.0,0
478,2021-04-23,24.7,20.5,78.0,1.9,0.1,7.0,2384803.0,0.0,0
479,2021-04-24,24.8,19.7,74.0,2.5,0.0,12.0,1993738.0,1.0,0
480,2021-04-25,23.1,18.3,74.0,2.5,0.1,3.0,1592887.0,1.0,0
481,2021-04-26,24.3,16.3,62.0,3.2,0.1,12.0,2099666.0,0.0,0
482,2021-04-27,24.4,18.2,69.0,1.5,1.0,9.0,2131349.0,0.0,0
483,2021-04-28,22.1,20.5,91.0,1.0,19.0,3.0,2209775.0,0.0,0
484,2021-04-29,19.7,17.4,87.0,1.5,39.5,3.0,2232291.0,0.0,1
485,2021-04-30,23.3,16.2,66.0,1.2,0.0,10.0,2015911.0,0.0,0
486,2021-05-01,25.2,18.1,66.0,1.5,0.0,9.0,1721735.0,1.0,1
487,2021-05-02,26.0,20.2,71.0,2.3,0.0,10.0,1468779.0,1.0,1
488,2021-05-03,26.5,20.7,71.0,2.6,0.1,9.0,1992418.0,0.0,0
489,2021-05-04,27.7,21.2,68.0,1.2,0.0,10.0,2043347.0,0.0,0
490,2021-05-05,22.6,19.1,81.0,3.0,5.5,5.0,2073740.0,0.0,0
491,2021-05-06,24.2,20.9,82.0,1.9,0.0,10.0,2095347.0,0.0,0
492,2021-05-07,27.9,22.3,73.0,1.5,0.0,10.0,2276040.0,0.0,0
493,2021-05-08,26.7,23.0,80.0,1.6,0.1,8.0,1597161.0,1.0,1
494,2021-05-09,27.6,22.7,76.0,1.2,0.0,11.0,1312578.0,1.0,0
495,2021-05-10,28.8,23.5,73.0,1.3,0.0,10.0,2007972.0,0.0,0
496,2021-05-11,29.4,23.4,71.0,1.7,0.0,11.0,2019135.0,0.0,1
497,2021-05-12,30.0,22.8,67.0,1.6,0.1,11.0,1891934.0,0.0,1
498,2021-05-13,30.1,23.5,68.0,1.4,0.0,9.0,1751033.0,0.0,2
499,2021-05-14,29.8,24.2,72.0,1.5,0.0,9.0,1737951.0,0.0,6
500,2021-05-15,29.7,24.4,74.0,1.4,0.0,10.0,588685.0,1.0,86
501,2021-05-16,30.9,24.3,69.0,1.4,0.0,10.0,320294.0,1.0,93
502,2021-05-17,30.3,23.7,69.0,1.6,0.0,7.0,837421.0,0.0,158
503,2021-05-18,29.0,24.3,76.0,1.2,0.0,7.0,643420.0,0.0,103
504,2021-05-19,28.9,24.6,78.0,1.4,0.1,8.0,598072.0,0.0,70
505,2021-05-20,29.8,23.3,69.0,1.5,0.0,9.0,568930.0,0.0,81
506,2021-05-21,29.7,23.8,73.0,1.6,6.0,8.0,555302.0,0.0,125
507,2021-05-22,29.1,24.3,76.0,1.5,0.0,8.0,202367.0,1.0,264
508,2021-05-23,30.2,24.7,73.0,1.1,0.0,10.0,152420.0,1.0,164
509,2021-05-24,28.2,24.1,80.0,2.1,7.0,7.0,513333.0,0.0,245
510,2021-05-25,26.8,23.1,80.0,2.6,0.0,12.0,497708.0,0.0,196
511,2021-05-26,29.6,23.4,70.0,1.4,0.0,9.0,488398.0,0.0,310
512,2021-05-27,31.2,23.0,64.0,2.2,0.0,10.0,480646.0,0.0,223
513,2021-05-28,31.1,23.9,67.0,2.3,0.1,12.0,492928.0,0.0,211
514,2021-05-29,26.5,23.3,83.0,1.9,3.5,7.0,202824.0,1.0,169
515,2021-05-30,26.2,24.8,92.0,0.7,47.0,5.0,149936.0,1.0,82
516,2021-05-31,24.4,23.5,95.0,1.9,50.5,3.0,511889.0,0.0,121
517,2021-06-01,26.3,24.4,90.0,1.1,32.0,11.0,500288.0,0.0,89
518,2021-06-02,27.8,25.1,86.0,1.0,5.0,9.0,494777.0,0.0,146
519,2021-06-03,30.0,24.6,74.0,1.3,0.0,12.0,484678.0,0.0,221
520,2021-06-04,27.8,25.2,87.0,1.6,156.0,7.0,486953.0,0.0,145
521,2021-06-05,24.7,23.9,95.0,2.0,23.5,2.0,207152.0,1.0,139
522,2021-06-06,23.8,22.8,94.0,2.3,7.5,3.0,160534.0,1.0,65
523,2021-06-07,26.5,24.0,87.0,2.1,0.1,10.0,501708.0,0.0,59
524,2021-06-08,28.8,24.1,77.0,1.5,0.0,9.0,495035.0,0.0,54
525,2021-06-09,28.9,23.7,74.0,1.7,0.1,8.0,492350.0,0.0,60
526,2021-06-10,29.0,23.4,73.0,1.6,5.5,9.0,497695.0,0.0,57
527,2021-06-11,29.5,24.1,74.0,1.3,0.1,11.0,505716.0,0.0,47
528,2021-06-12,29.9,24.4,73.0,1.3,0.1,10.0,219476.0,1.0,67
529,2021-06-13,29.7,24.7,75.0,1.3,0.1,9.0,168154.0,1.0,63
530,2021-06-14,31.1,23.7,66.0,2.2,0.0,10.0,176735.0,1.0,40
531,2021-06-15,31.6,23.8,64.0,2.6,0.0,8.0,535605.0,0.0,27
532,2021-06-16,32.3,22.6,58.0,3.2,0.0,12.0,531135.0,0.0,51
533,2021-06-17,32.5,23.1,58.0,2.7,0.0,10.0,528656.0,0.0,37
534,2021-06-18,32.8,23.2,58.0,2.9,0.0,12.0,544194.0,0.0,71
535,2021-06-19,32.9,22.9,56.0,2.9,0.0,11.0,250790.0,1.0,29
536,2021-06-20,32.1,23.3,60.0,2.5,0.0,10.0,191678.0,1.0,32
537,2021-06-21,31.6,23.7,64.0,2.8,0.0,7.0,552144.0,0.0,21
538,2021-06-22,27.3,24.9,87.0,1.5,52.0,3.0,562478.0,0.0,24
539,2021-06-23,25.3,23.6,90.0,1.9,13.5,4.0,567028.0,0.0,22
540,2021-06-24,26.3,23.7,86.0,1.3,6.0,7.0,562938.0,0.0,35
541,2021-06-25,26.8,24.3,87.0,1.0,15.5,5.0,589960.0,0.0,19
542,2021-06-26,29.2,24.1,76.0,1.8,0.0,9.0,278770.0,1.0,30
543,2021-06-27,30.6,23.5,67.0,1.9,0.0,11.0,213596.0,1.0,33
544,2021-06-28,30.6,22.7,64.0,2.5,0.0,8.0,593366.0,0.0,22
545,2021-06-29,31.5,22.6,60.0,2.9,0.1,7.0,606268.0,0.0,20
546,2021-06-30,31.1,24.0,66.0,2.2,0.0,9.0,620065.0,0.0,20
547,2021-07-01,31.6,23.4,63.0,2.1,0.0,12.0,615990.0,0.0,18
548,2021-07-02,31.2,24.4,67.0,1.7,0.0,10.0,631443.0,0.0,29
549,2021-07-03,30.6,24.1,69.0,1.6,0.0,10.0,295902.0,1.0,48
550,2021-07-04,30.6,25.1,73.0,1.5,0.0,9.0,224054.0,1.0,17
551,2021-07-05,31.2,23.1,63.0,2.8,0.0,10.0,641035.0,0.0,14
552,2021-07-06,30.7,24.6,71.0,2.8,2.0,10.0,640142.0,0.0,13
553,2021-07-07,30.2,25.4,76.0,1.2,0.1,9.0,647747.0,0.0,14
554,2021-07-08,31.2,24.9,70.0,1.4,0.0,10.0,647858.0,0.0,12
555,2021-07-09,31.5,23.7,65.0,1.7,0.0,11.0,671768.0,0.0,19
556,2021-07-10,31.0,24.9,70.0,1.3,0.0,8.0,331244.0,1.0,12
557,2021-07-11,30.7,23.8,67.0,1.5,0.0,10.0,254016.0,1.0,11
558,2021-07-12,30.3,25.3,76.0,1.3,3.5,9.0,688981.0,0.0,9
559,2021-07-13,29.5,24.8,77.0,1.3,7.0,8.0,723371.0,0.0,7
560,2021-07-14,30.3,23.9,70.0,1.9,0.0,9.0,741813.0,0.0,9
561,2021-07-15,31.4,22.3,59.0,2.8,0.0,11.0,738470.0,0.0,9
562,2021-07-16,31.4,22.3,59.0,2.7,0.0,10.0,748416.0,0.0,13
563,2021-07-17,30.9,22.8,63.0,2.9,0.0,10.0,376218.0,1.0,1
564,2021-07-18,30.7,22.9,64.0,2.7,0.0,10.0,296763.0,1.0,5
565,2021-07-19,31.2,23.9,66.0,2.9,0.0,8.0,756237.0,0.0,1
566,2021-07-20,30.3,24.7,73.0,2.6,2.5,10.0,771749.0,0.0,7
567,2021-07-21,28.5,25.0,82.0,1.4,23.5,10.0,773111.0,0.0,20
568,2021-07-22,27.8,26.4,92.0,1.4,38.0,7.0,740669.0,0.0,4
569,2021-07-23,27.4,26.1,93.0,1.2,59.0,5.0,709428.0,0.0,7
570,2021-07-24,27.7,24.4,84.0,3.5,87.5,2.0,316242.0,1.0,7
571,2021-07-25,32.4,23.5,62.0,3.6,0.5,11.0,329570.0,1.0,4
572,2021-07-26,31.6,23.9,64.0,2.3,0.0,10.0,817097.0,0.0,4
573,2021-07-27,31.3,24.3,67.0,1.5,0.1,10.0,915060.0,0.0,6
574,2021-07-28,30.8,25.7,76.0,1.4,10.0,9.0,921029.0,0.0,6
575,2021-07-29,29.6,25.7,80.0,1.3,9.0,8.0,917412.0,0.0,7
576,2021-07-30,29.4,25.1,79.0,1.2,0.5,10.0,956520.0,0.0,4
577,2021-07-31,27.8,25.1,86.0,1.4,45.0,8.0,486966.0,1.0,4
578,2021-08-01,28.1,25.6,87.0,1.1,1.0,5.0,416836.0,1.0,2
579,2021-08-02,28.4,25.4,85.0,1.0,8.0,7.0,1005337.0,0.0,4
580,2021-08-03,27.8,25.5,88.0,1.3,0.5,4.0,1049830.0,0.0,5
581,2021-08-04,28.4,25.7,86.0,1.5,2.5,11.0,1074185.0,0.0,1
582,2021-08-05,28.2,25.3,85.0,1.3,1.0,7.0,1071885.0,0.0,3
583,2021-08-06,26.9,25.4,91.0,1.6,15.5,2.0,1094334.0,0.0,1
584,2021-08-07,25.4,25.0,98.0,1.6,132.0,1.0,520681.0,1.0,2
585,2021-08-08,29.1,26.0,84.0,1.4,2.0,10.0,510030.0,1.0,2
586,2021-08-09,28.8,26.0,86.0,1.4,13.0,7.0,1102459.0,0.0,0
587,2021-08-10,28.8,25.0,80.0,1.3,63.5,7.0,1152521.0,0.0,4
588,2021-08-11,28.7,25.2,82.0,1.5,4.5,9.0,1159820.0,0.0,3
589,2021-08-12,29.4,24.7,77.0,1.6,0.1,11.0,1158760.0,0.0,2
590,2021-08-13,28.2,25.3,85.0,1.3,72.0,10.0,1192086.0,0.0,1
591,2021-08-14,28.1,25.6,88.0,1.1,40.5,10.0,743676.0,1.0,1
592,2021-08-15,29.0,25.6,83.0,1.0,0.0,6.0,606891.0,1.0,1
593,2021-08-16,30.1,25.4,77.0,1.2,0.1,10.0,1181804.0,0.0,2
594,2021-08-17,30.0,24.5,73.0,1.5,0.0,9.0,1213496.0,0.0,4
595,2021-08-18,28.4,24.2,78.0,1.7,0.1,5.0,1212028.0,0.0,0
596,2021-08-19,27.5,23.9,81.0,1.3,15.0,8.0,1195594.0,0.0,2
597,2021-08-20,28.8,23.9,76.0,1.3,0.0,8.0,1256246.0,0.0,0
598,2021-08-21,28.5,24.9,81.0,1.1,22.5,7.0,751355.0,1.0,3
599,2021-08-22,29.4,24.7,77.0,1.4,0.0,9.0,628225.0,1.0,0
600,2021-08-23,30.1,24.7,73.0,1.2,0.0,9.0,1216676.0,0.0,0
601,2021-08-24,29.1,25.1,80.0,1.3,10.0,9.0,1250906.0,0.0,0
602,2021-08-25,28.6,24.6,80.0,1.4,5.5,7.0,1279755.0,0.0,1
603,2021-08-26,29.8,23.5,71.0,2.1,0.0,11.0,1296331.0,0.0,0
604,2021-08-27,30.4,23.3,66.0,1.4,0.0,9.0,1352408.0,0.0,0
605,2021-08-28,30.9,23.2,64.0,2.6,0.0,10.0,870701.0,1.0,1
606,2021-08-29,30.9,23.0,63.0,2.9,0.0,11.0,724860.0,1.0,0
607,2021-08-30,30.9,23.1,64.0,2.9,0.0,10.0,1295998.0,0.0,1
608,2021-08-31,30.7,23.4,65.0,2.7,0.0,8.0,1323833.0,0.0,1
609,2021-09-01,31.0,23.4,64.0,1.6,0.0,9.0,1438550.0,0.0,1
610,2021-09-02,29.7,24.1,72.0,1.5,8.0,8.0,1440604.0,0.0,0
611,2021-09-03,29.8,23.7,70.0,1.7,0.0,9.0,1505296.0,0.0,0
612,2021-09-04,28.3,24.1,79.0,1.8,23.0,8.0,875707.0,1.0,0
613,2021-09-05,30.2,23.9,70.0,2.6,0.0,10.0,742234.0,1.0,0
614,2021-09-06,30.0,24.7,74.0,1.3,3.5,8.0,1415518.0,0.0,1
615,2021-09-07,30.4,23.7,68.0,1.9,0.0,9.0,1440957.0,0.0,0
616,2021-09-08,30.7,23.0,64.0,2.3,0.0,8.0,1424984.0,0.0,2
617,2021-09-09,31.0,21.9,60.0,2.9,0.0,10.0,1382856.0,0.0,1
618,2021-09-10,31.3,23.5,64.0,2.7,0.0,11.0,1393492.0,0.0,0
619,2021-09-11,29.5,24.0,73.0,4.1,1.5,6.0,1113630.0,0.0,1
620,2021-09-12,26.6,24.2,87.0,3.6,87.5,2.0,223579.0,1.0,0
621,2021-09-13,30.3,23.7,69.0,2.1,0.0,7.0,1392218.0,0.0,0
622,2021-09-14,30.8,24.6,70.0,1.8,0.0,6.0,1446935.0,0.0,0
623,2021-09-15,29.2,24.7,78.0,1.8,17.5,7.0,1471826.0,0.0,0
624,2021-09-16,28.6,23.8,76.0,1.4,18.5,8.0,1477415.0,0.0,2
625,2021-09-17,28.7,24.3,78.0,1.6,22.0,7.0,1557394.0,0.0,0
626,2021-09-18,29.3,24.8,77.0,2.3,0.0,8.0,896966.0,1.0,1
627,2021-09-19,30.4,24.3,71.0,1.5,0.0,7.0,789099.0,1.0,1
628,2021-09-20,30.7,23.9,68.0,1.4,0.0,9.0,835284.0,1.0,0
629,2021-09-21,29.8,23.7,71.0,1.4,0.0,7.0,732483.0,1.0,0
630,2021-09-22,29.9,23.1,68.0,1.6,0.0,7.0,1459954.0,0.0,0
631,2021-09-23,30.3,23.3,67.0,2.6,0.0,9.0,1472261.0,0.0,0
632,2021-09-24,29.2,24.0,74.0,3.1,0.0,9.0,1568222.0,0.0,0
633,2021-09-25,28.4,22.7,72.0,3.3,0.1,8.0,1033938.0,1.0,0
634,2021-09-26,28.2,23.5,76.0,3.1,0.0,8.0,866375.0,1.0,0
635,2021-09-27,28.6,24.0,76.0,2.9,0.0,9.0,1477877.0,0.0,1
636,2021-09-28,28.2,22.9,74.0,2.4,0.0,8.0,1507236.0,0.0,0
637,2021-09-29,28.2,22.2,71.0,1.5,0.0,8.0,1517404.0,0.0,0
638,2021-09-30,28.7,22.9,72.0,1.9,0.0,8.0,1517408.0,0.0,0
639,2021-10-01,28.0,24.2,80.0,1.9,21.5,6.0,1607743.0,0.0,0
640,2021-10-02,28.3,23.2,74.0,2.5,0.0,8.0,1121631.0,1.0,0
641,2021-10-03,29.4,20.5,60.0,3.6,0.0,8.0,933101.0,1.0,0
642,2021-10-04,30.2,22.2,63.0,3.5,0.0,8.0,1556027.0,0.0,0
643,2021-10-05,29.3,21.5,63.0,3.4,0.1,7.0,1597996.0,0.0,0
644,2021-10-06,29.5,22.8,67.0,3.9,0.0,7.0,1643156.0,0.0,0
645,2021-10-07,30.1,22.2,63.0,3.5,0.0,8.0,1667354.0,0.0,0
646,2021-10-08,29.8,22.4,65.0,3.4,0.0,8.0,1818921.0,0.0,1
647,2021-10-09,29.3,22.7,68.0,3.7,0.0,9.0,1274195.0,1.0,0
648,2021-10-10,29.5,23.1,70.0,3.3,0.1,8.0,1174320.0,1.0,0
649,2021-10-11,26.8,25.1,90.0,4.1,91.0,4.0,869120.0,1.0,0
650,2021-10-12,28.2,25.0,83.0,4.0,29.5,7.0,1706670.0,0.0,0
651,2021-10-13,27.5,24.6,85.0,3.0,10.0,4.0,1774824.0,0.0,0
652,2021-10-14,28.1,23.4,76.0,2.9,0.5,6.0,1765101.0,0.0,0
653,2021-10-15,28.6,21.9,67.0,3.5,0.0,7.0,1918224.0,0.0,0
654,2021-10-16,27.3,22.1,74.0,2.9,4.0,8.0,1431681.0,1.0,0
655,2021-10-17,22.3,17.2,73.0,2.5,0.1,3.0,1132741.0,1.0,0
656,2021-10-18,22.7,17.6,73.0,2.2,0.1,5.0,1727324.0,0.0,0
657,2021-10-19,23.9,18.8,73.0,2.1,0.0,7.0,1755862.0,0.0,0
658,2021-10-20,24.1,20.7,81.0,2.2,0.0,6.0,1791389.0,0.0,0
659,2021-10-21,22.5,20.5,89.0,1.4,27.5,1.0,1815491.0,0.0,0
660,2021-10-22,19.8,18.6,93.0,1.6,21.0,1.0,1984047.0,0.0,0
661,2021-10-23,19.9,18.1,89.0,2.6,7.5,1.0,1394439.0,1.0,0
662,2021-10-24,20.4,19.8,96.0,1.3,29.5,1.0,1066816.0,1.0,1
663,2021-10-25,21.3,20.0,92.0,1.6,2.0,2.0,1769591.0,0.0,0
664,2021-10-26,23.8,19.4,76.0,2.9,0.0,6.0,1794519.0,0.0,0
665,2021-10-27,23.8,18.6,73.0,2.7,0.0,4.0,1822945.0,0.0,0
666,2021-10-28,23.6,16.2,63.0,2.2,0.0,6.0,1829086.0,0.0,0
667,2021-10-29,22.6,16.7,70.0,2.0,0.1,6.0,1976938.0,0.0,0
668,2021-10-30,22.3,18.7,80.0,1.3,1.0,1.0,1454347.0,1.0,0
669,2021-10-31,23.3,19.5,79.0,2.2,0.1,5.0,1215843.0,1.0,0
670,2021-11-01,23.2,18.7,76.0,2.5,0.1,4.0,1758787.0,0.0,0
671,2021-11-02,23.0,18.8,77.0,2.7,0.1,3.0,1804684.0,0.0,0
672,2021-11-03,23.0,19.2,79.0,3.2,0.1,5.0,1836387.0,0.0,1
673,2021-11-04,23.2,19.9,82.0,3.0,0.5,2.0,1847293.0,0.0,0
674,2021-11-05,25.4,21.3,78.0,1.3,0.0,6.0,2052748.0,0.0,0
675,2021-11-06,25.5,21.6,79.0,1.6,0.0,4.0,1532402.0,1.0,0
676,2021-11-07,25.3,20.9,77.0,2.5,0.0,7.0,1280779.0,1.0,0
677,2021-11-08,19.9,16.0,79.0,2.8,23.0,4.0,1815072.0,0.0,0
678,2021-11-09,17.3,9.6,60.0,2.6,0.1,4.0,1847954.0,0.0,0
679,2021-11-10,17.8,10.7,64.0,1.6,0.1,3.0,1883778.0,0.0,0
680,2021-11-11,19.0,11.1,62.0,2.3,0.0,6.0,1934224.0,0.0,0
681,2021-11-12,19.1,14.1,73.0,3.1,5.5,3.0,2080322.0,0.0,0
682,2021-11-13,17.9,16.1,89.0,2.3,13.5,4.0,1540766.0,1.0,0
683,2021-11-14,19.3,15.0,77.0,1.9,0.1,2.0,1306487.0,1.0,0
684,2021-11-15,21.6,15.5,69.0,2.9,0.0,5.0,1833303.0,0.0,0
685,2021-11-16,24.0,17.4,67.0,2.5,0.1,5.0,1892792.0,0.0,0
686,2021-11-17,23.6,19.1,76.0,2.7,0.1,4.0,1912198.0,0.0,0
687,2021-11-18,21.6,19.4,88.0,1.4,0.5,2.0,1923147.0,0.0,0
688,2021-11-19,22.5,19.5,83.0,2.0,0.5,3.0,2125947.0,0.0,0
689,2021-11-20,22.7,20.3,86.0,2.6,4.5,3.0,1632054.0,1.0,0
690,2021-11-21,24.3,19.5,75.0,1.3,0.0,5.0,1406877.0,1.0,0
691,2021-11-22,19.1,16.0,82.0,1.9,2.0,1.0,1881783.0,0.0,0
692,2021-11-23,15.3,13.0,86.0,2.3,2.0,1.0,1893208.0,0.0,0
693,2021-11-24,18.0,13.0,73.0,2.9,0.0,3.0,1924017.0,0.0,0
694,2021-11-25,20.1,17.5,85.0,2.6,0.1,2.0,1945915.0,0.0,0
695,2021-11-26,19.2,17.3,89.0,2.2,5.0,2.0,2132913.0,0.0,0
696,2021-11-27,18.8,17.2,91.0,2.6,11.0,1.0,1549829.0,1.0,0
697,2021-11-28,21.7,18.2,80.0,3.1,0.0,3.0,1323350.0,1.0,0
698,2021-11-29,23.6,18.6,74.0,3.1,0.0,5.0,1890012.0,0.0,0
699,2021-11-30,21.0,16.6,76.0,2.0,2.0,3.0,1905703.0,0.0,0
700,2021-12-01,16.1,7.5,57.0,2.2,0.1,2.0,1928445.0,0.0,0
701,2021-12-02,17.1,10.8,67.0,2.0,0.1,4.0,1953142.0,0.0,0
702,2021-12-03,16.0,7.5,59.0,2.1,0.0,5.0,2171493.0,0.0,0
703,2021-12-04,17.2,9.2,60.0,2.4,0.0,4.0,1816601.0,1.0,0
704,2021-12-05,18.4,15.5,83.0,1.9,0.1,5.0,1441715.0,1.0,0
705,2021-12-06,18.9,17.1,90.0,1.9,18.0,3.0,1904281.0,0.0,0
706,2021-12-07,18.8,13.5,72.0,2.9,1.5,3.0,1937026.0,0.0,0
707,2021-12-08,20.3,12.6,62.0,2.9,0.0,5.0,1997502.0,0.0,0
708,2021-12-09,21.2,16.2,73.0,2.5,0.0,3.0,2007942.0,0.0,0
709,2021-12-10,21.8,16.7,73.0,2.9,0.1,3.0,2186908.0,0.0,0
710,2021-12-11,22.1,17.8,77.0,2.6,0.0,5.0,1892347.0,1.0,0
711,2021-12-12,19.4,17.3,88.0,1.4,2.0,1.0,1439099.0,1.0,0
712,2021-12-13,17.8,15.7,88.0,2.5,3.5,3.0,1917866.0,0.0,0
713,2021-12-14,20.7,16.6,78.0,2.9,0.0,5.0,1960860.0,0.0,0
714,2021-12-15,22.9,17.4,72.0,1.6,0.0,5.0,2041486.0,0.0,1
715,2021-12-16,22.2,18.1,79.0,1.4,0.0,5.0,2051016.0,0.0,0
716,2021-12-17,18.5,13.5,73.0,2.4,0.1,1.0,2255271.0,0.0,0
717,2021-12-18,15.4,9.0,66.0,2.7,0.1,2.0,1784316.0,1.0,0
718,2021-12-19,17.3,8.9,58.0,3.4,0.0,4.0,1602085.0,1.0,0
719,2021-12-20,19.7,14.1,70.0,2.2,0.1,3.0,1932935.0,0.0,0
720,2021-12-21,18.6,17.4,93.0,0.9,15.0,1.0,1988517.0,0.0,0
721,2021-12-22,17.7,16.3,92.0,1.5,8.0,1.0,2044768.0,0.0,0
722,2021-12-23,20.0,18.2,89.0,1.6,0.1,2.0,2048380.0,0.0,0
723,2021-12-24,19.4,17.6,90.0,1.4,1.0,1.0,2271326.0,0.0,0
724,2021-12-25,16.4,13.5,83.0,2.7,2.0,1.0,1867251.0,1.0,0
725,2021-12-26,13.9,11.6,86.0,3.4,0.1,3.0,1445259.0,1.0,0
726,2021-12-27,13.1,11.6,91.0,2.7,3.0,1.0,1942822.0,0.0,0
727,2021-12-28,16.7,14.4,87.0,2.2,0.0,4.0,1998692.0,0.0,0
728,2021-12-29,17.8,15.1,85.0,1.3,0.1,4.0,2041534.0,0.0,0
729,2021-12-30,16.0,9.9,67.0,2.7,0.0,2.0,2151462.0,0.0,2
730,2021-12-31,16.0,10.6,71.0,3.2,0.1,3.0,2022261.0,1.0,0
731,2022-01-01,16.9,14.3,85.0,1.7,0.1,3.0,1424853.0,1.0,0
732,2022-01-02,16.9,13.8,82.0,2.0,0.1,3.0,1234896.0,1.0,1
733,2022-01-03,18.6,14.4,77.0,2.5,0.0,4.0,1848914.0,0.0,0
734,2022-01-04,18.0,16.2,89.0,3.1,0.1,3.0,1899097.0,0.0,0
735,2022-01-05,19.3,17.2,88.0,1.2,0.5,2.0,1934621.0,0.0,1
736,2022-01-06,16.8,14.4,86.0,2.7,8.0,1.0,1954365.0,0.0,0
737,2022-01-07,16.1,12.6,81.0,2.6,5.0,3.0,2103575.0,0.0,0
738,2022-01-08,16.5,12.1,75.0,3.2,0.1,3.0,1527434.0,1.0,1
739,2022-01-09,17.6,13.7,78.0,2.5,0.1,4.0,1223178.0,1.0,0
740,2022-01-10,17.4,14.7,85.0,2.4,0.1,3.0,1863377.0,0.0,1
741,2022-01-11,13.8,9.4,76.0,1.9,6.0,0.0,1899867.0,0.0,1
742,2022-01-12,13.3,9.6,79.0,2.0,0.1,1.0,1893172.0,0.0,0
743,2022-01-13,14.0,9.2,74.0,1.5,0.5,1.0,1889064.0,0.0,0
744,2022-01-14,15.3,7.8,61.0,2.7,0.0,5.0,2024999.0,0.0,1
745,2022-01-15,16.9,13.0,78.0,1.8,0.1,4.0,1381653.0,1.0,0
746,2022-01-16,18.3,15.0,81.0,2.2,0.1,5.0,1144323.0,1.0,1
747,2022-01-17,17.0,15.6,91.0,2.4,6.0,2.0,1786422.0,0.0,0
748,2022-01-18,16.0,14.4,90.0,3.0,3.0,2.0,1803422.0,0.0,0
749,2022-01-19,16.6,14.5,87.0,2.8,0.5,3.0,1838325.0,0.0,0
750,2022-01-20,16.9,13.7,82.0,3.5,0.1,3.0,1912578.0,0.0,2
751,2022-01-21,17.0,15.4,91.0,3.4,32.5,2.0,1851246.0,0.0,1
752,2022-01-22,18.7,17.4,92.0,2.3,44.5,1.0,1608952.0,0.0,2
753,2022-01-23,19.2,17.8,92.0,1.2,0.1,4.0,1072477.0,1.0,2
754,2022-01-24,17.6,16.1,91.0,1.4,3.5,1.0,1688345.0,0.0,0
755,2022-01-25,18.8,15.8,83.0,3.2,0.0,5.0,1713693.0,0.0,2
756,2022-01-26,21.2,17.9,82.0,2.4,0.0,6.0,1710690.0,0.0,1
757,2022-01-27,21.2,17.4,80.0,2.0,0.0,6.0,1693007.0,0.0,5
758,2022-01-28,18.9,16.3,85.0,3.3,0.1,5.0,1673525.0,0.0,1
759,2022-01-29,16.9,14.7,87.0,2.6,5.5,4.0,981204.0,1.0,0
760,2022-01-30,14.2,11.6,85.0,1.5,6.5,1.0,733248.0,1.0,1
761,2022-01-31,15.8,9.3,65.0,3.3,0.1,5.0,525312.0,1.0,0
762,2022-02-01,16.7,14.4,87.0,1.8,11.0,2.0,596235.0,1.0,1
763,2022-02-02,17.3,15.7,90.0,1.7,3.0,5.0,725970.0,1.0,0
764,2022-02-03,16.2,15.3,95.0,0.9,29.0,1.0,661619.0,1.0,1
765,2022-02-04,14.8,13.2,90.0,1.7,3.5,2.0,882640.0,1.0,1
766,2022-02-05,13.8,11.0,83.0,2.6,0.5,1.0,1023183.0,1.0,0
767,2022-02-06,14.5,11.7,84.0,3.5,0.1,5.0,1009891.0,1.0,0
768,2022-02-07,17.7,14.4,82.0,2.5,6.5,3.0,1621844.0,0.0,6
769,2022-02-08,15.9,12.6,81.0,2.0,0.5,3.0,1657172.0,0.0,1
770,2022-02-09,16.7,15.0,90.0,2.2,11.0,3.0,1666971.0,0.0,0
771,2022-02-10,17.4,15.8,90.0,2.0,0.5,3.0,1708819.0,0.0,0
772,2022-02-11,20.7,17.1,81.0,1.6,0.0,7.0,1876063.0,0.0,0
773,2022-02-12,18.7,16.8,89.0,1.6,0.1,2.0,1413789.0,1.0,0
774,2022-02-13,18.6,16.2,86.0,2.7,14.0,3.0,1208059.0,1.0,0
775,2022-02-14,15.3,12.9,86.0,1.5,38.5,1.0,1804237.0,0.0,0
776,2022-02-15,16.8,12.1,74.0,2.8,0.5,3.0,1787848.0,0.0,1
777,2022-02-16,16.9,14.1,84.0,2.3,0.5,3.0,1820065.0,0.0,3
778,2022-02-17,17.2,15.1,88.0,2.7,1.0,3.0,1825365.0,0.0,1
779,2022-02-18,16.8,15.7,93.0,1.6,7.0,2.0,1952981.0,0.0,5
780,2022-02-19,15.9,14.6,92.0,2.0,15.0,2.0,1410710.0,1.0,2
781,2022-02-20,11.0,9.3,90.0,2.6,27.0,2.0,1081506.0,1.0,1
782,2022-02-21,13.2,12.2,93.0,3.1,26.5,3.0,1867517.0,0.0,0
783,2022-02-22,15.1,14.1,94.0,3.0,22.0,3.0,1928367.0,0.0,0
784,2022-02-23,13.3,12.1,92.0,2.3,34.0,4.0,1944185.0,0.0,1
785,2022-02-24,13.2,10.9,86.0,2.7,0.5,3.0,1952659.0,0.0,0
786,2022-02-25,16.7,13.5,82.0,2.4,0.0,5.0,2108924.0,0.0,1
787,2022-02-26,18.5,15.2,82.0,1.2,0.0,7.0,1567981.0,1.0,0
788,2022-02-27,18.9,13.0,70.0,2.8,0.0,7.0,1461108.0,1.0,0
789,2022-02-28,21.4,14.1,65.0,1.5,0.0,8.0,1341660.0,1.0,1
790,2022-03-01,22.7,16.7,70.0,1.6,0.0,8.0,1896846.0,0.0,0
791,2022-03-02,20.1,16.6,81.0,3.3,0.0,4.0,1900871.0,0.0,0
792,2022-03-03,21.5,17.0,76.0,2.8,0.0,6.0,1920435.0,0.0,0
793,2022-03-04,22.1,17.2,74.0,1.5,0.0,6.0,2089390.0,0.0,0
794,2022-03-05,21.0,16.3,75.0,3.4,0.0,4.0,1597408.0,1.0,0
795,2022-03-06,19.0,14.4,75.0,3.7,0.1,3.0,1261514.0,1.0,0
796,2022-03-07,15.2,13.6,90.0,2.5,21.5,1.0,1896781.0,0.0,0
797,2022-03-08,16.5,8.6,62.0,2.6,0.0,7.0,1964087.0,0.0,0
798,2022-03-09,20.3,11.3,58.0,2.5,0.0,8.0,1987727.0,0.0,0
799,2022-03-10,21.6,13.6,61.0,1.6,0.0,7.0,1995082.0,0.0,0
800,2022-03-11,21.4,13.5,62.0,1.8,0.0,8.0,2179350.0,0.0,2
801,2022-03-12,24.2,16.5,63.0,2.5,0.0,8.0,1732307.0,1.0,2
802,2022-03-13,24.0,16.5,64.0,1.4,0.0,8.0,1418461.0,1.0,0
803,2022-03-14,23.9,16.1,63.0,1.3,0.0,6.0,1913369.0,0.0,0
804,2022-03-15,23.9,17.9,69.0,2.2,0.0,8.0,1961952.0,0.0,0
805,2022-03-16,25.3,18.9,68.0,2.2,0.0,8.0,1978813.0,0.0,0
806,2022-03-17,24.7,19.5,74.0,1.3,4.0,7.0,1994243.0,0.0,0
807,2022-03-18,20.8,16.8,79.0,2.7,0.5,2.0,2138282.0,0.0,1
808,2022-03-19,21.6,16.8,75.0,2.3,0.0,7.0,1658463.0,1.0,0
809,2022-03-20,24.0,19.0,75.0,2.5,0.0,11.0,1385940.0,1.0,1
810,2022-03-21,22.4,19.8,85.0,1.1,2.5,8.0,1913872.0,0.0,1
811,2022-03-22,18.5,16.4,87.0,2.0,4.0,2.0,1950221.0,0.0,3
812,2022-03-23,15.6,14.0,90.0,2.1,21.5,3.0,1990318.0,0.0,1
813,2022-03-24,19.1,16.2,84.0,2.6,0.1,7.0,1979733.0,0.0,0
814,2022-03-25,23.4,19.8,81.0,1.3,0.5,11.0,2172261.0,0.0,0
815,2022-03-26,22.9,20.8,88.0,2.0,14.5,7.0,1595364.0,1.0,0
816,2022-03-27,16.5,14.7,89.0,3.3,42.0,5.0,1246748.0,1.0,1
817,2022-03-28,16.4,15.2,93.0,2.7,75.0,3.0,1919316.0,0.0,5
818,2022-03-29,21.6,18.4,83.0,3.2,11.5,7.0,1940394.0,0.0,1
819,2022-03-30,23.5,20.2,82.0,1.6,0.0,8.0,1969018.0,0.0,7
820,2022-03-31,21.2,18.6,85.0,3.1,0.0,7.0,1958461.0,0.0,10
821,2022-04-01,16.4,11.8,75.0,3.5,0.1,3.0,2041530.0,0.0,19
822,2022-04-02,14.6,12.9,90.0,1.7,23.0,3.0,1205883.0,1.0,13
823,2022-04-03,15.4,11.5,79.0,2.0,10.5,3.0,1016715.0,1.0,22
824,2022-04-04,19.2,12.8,66.0,3.5,0.0,10.0,1098732.0,1.0,29
825,2022-04-05,22.1,15.4,67.0,2.0,0.0,11.0,1012555.0,1.0,41
826,2022-04-06,21.8,16.1,71.0,2.1,0.1,11.0,1770234.0,0.0,84
827,2022-04-07,21.4,16.5,74.0,2.4,0.0,8.0,1737357.0,0.0,61
828,2022-04-08,22.2,15.8,67.0,3.3,0.1,11.0,1860654.0,0.0,74
829,2022-04-09,24.2,16.4,62.0,2.7,0.0,12.0,1294835.0,1.0,67
830,2022-04-10,25.8,18.1,63.0,2.0,0.0,12.0,1087892.0,1.0,97
831,2022-04-11,26.4,19.7,67.0,1.3,0.1,13.0,1652287.0,0.0,101
832,2022-04-12,26.8,19.4,65.0,1.7,0.0,12.0,1700189.0,0.0,142
833,2022-04-13,26.5,19.6,67.0,1.6,0.0,11.0,1706433.0,0.0,147
834,2022-04-14,22.1,18.9,82.0,1.9,57.0,2.0,1701769.0,0.0,145
835,2022-04-15,19.4,16.1,81.0,1.9,0.1,3.0,1803434.0,0.0,185
836,2022-04-16,19.1,12.3,65.0,3.0,0.1,8.0,1208396.0,1.0,223
837,2022-04-17,18.5,13.4,72.0,2.7,0.1,3.0,974513.0,1.0,246
838,2022-04-18,19.8,15.6,77.0,2.1,0.1,4.0,1612065.0,0.0,285
839,2022-04-19,17.3,13.5,79.0,2.5,4.0,3.0,1652902.0,0.0,400
840,2022-04-20,19.4,15.3,78.0,2.2,2.5,11.0,1639380.0,0.0,617
841,2022-04-21,22.2,19.4,85.0,0.8,0.1,7.0,1590832.0,0.0,754
842,2022-04-22,25.7,20.3,73.0,1.1,0.0,12.0,1653951.0,0.0,831
843,2022-04-23,26.5,22.0,77.0,1.2,0.1,11.0,1055315.0,1.0,983
844,2022-04-24,26.7,22.8,80.0,1.4,5.5,11.0,852233.0,1.0,1001
845,2022-04-25,26.6,22.9,81.0,1.4,6.0,8.0,1425495.0,0.0,1478
846,2022-04-26,28.6,23.4,75.0,1.4,0.0,12.0,1452184.0,0.0,1811
847,2022-04-27,27.2,23.4,80.0,1.5,0.1,8.0,1449585.0,0.0,2344
848,2022-04-28,27.0,23.0,79.0,1.3,0.0,11.0,1434115.0,0.0,2575
849,2022-04-29,25.1,21.5,81.0,2.7,0.0,9.0,1496982.0,0.0,3012
850,2022-04-30,21.1,18.2,84.0,3.4,0.1,6.0,977575.0,1.0,3991
851,2022-05-01,18.9,16.3,85.0,2.6,6.0,3.0,763100.0,1.0,3474
852,2022-05-02,16.0,14.2,89.0,3.0,24.0,4.0,953925.0,0.0,4421
853,2022-05-03,19.8,16.6,82.0,2.8,0.1,4.0,1368409.0,0.0,5107
854,2022-05-04,22.5,19.5,83.0,3.6,1.0,9.0,1364908.0,0.0,6035
855,2022-05-05,24.4,21.1,82.0,1.9,0.1,8.0,1321451.0,0.0,7304
856,2022-05-06,24.5,21.0,81.0,1.8,0.1,7.0,1365336.0,0.0,8180
857,2022-05-07,25.1,20.0,74.0,2.3,0.0,11.0,843847.0,1.0,7499
858,2022-05-08,25.1,21.5,81.0,2.2,0.1,10.0,651676.0,1.0,6447
859,2022-05-09,24.8,21.4,82.0,2.5,0.1,10.0,1174247.0,0.0,7761
860,2022-05-10,25.7,22.3,82.0,1.7,4.5,8.0,1196447.0,0.0,9433
861,2022-05-11,24.8,22.6,88.0,1.1,13.0,6.0,1205045.0,0.0,9819
862,2022-05-12,25.2,22.8,87.0,1.4,40.0,12.0,1194148.0,0.0,10883
863,2022-05-13,25.3,22.8,86.0,1.5,4.5,8.0,1247363.0,0.0,8872
864,2022-05-14,21.9,20.5,92.0,2.3,27.0,6.0,754205.0,1.0,10837
865,2022-05-15,19.6,17.7,89.0,2.6,15.0,6.0,629066.0,1.0,8626
866,2022-05-16,17.7,16.5,93.0,2.7,43.5,4.0,1146358.0,0.0,9077
867,2022-05-17,20.3,15.5,75.0,2.7,8.5,8.0,1153048.0,0.0,10941
868,2022-05-18,23.8,19.7,78.0,3.4,0.0,12.0,1173673.0,0.0,11167
869,2022-05-19,24.8,21.8,84.0,2.7,0.5,9.0,1155033.0,0.0,10207
870,2022-05-20,24.2,21.2,83.0,1.6,0.0,5.0,1243470.0,0.0,9579
871,2022-05-21,23.1,19.7,81.0,2.2,1.5,4.0,840461.0,1.0,8704
872,2022-05-22,22.6,20.5,88.0,2.7,0.5,4.0,661207.0,1.0,6481
873,2022-05-23,23.7,21.9,90.0,1.2,0.1,4.0,1131277.0,0.0,7675
874,2022-05-24,23.0,21.8,93.0,0.9,50.5,3.0,1161519.0,0.0,7976
875,2022-05-25,22.9,22.7,99.0,1.1,123.5,2.0,1177437.0,0.0,8029
876,2022-05-26,23.4,22.6,95.0,1.8,68.5,8.0,1187854.0,0.0,8137
877,2022-05-27,22.5,21.7,96.0,1.9,45.0,5.0,1277760.0,0.0,7081
878,2022-05-28,25.5,24.1,92.0,0.7,0.5,8.0,888888.0,1.0,6395
879,2022-05-29,28.6,23.8,77.0,1.4,0.0,12.0,759145.0,1.0,4934
880,2022-05-30,29.1,24.4,77.0,1.8,0.0,9.0,1209812.0,0.0,5730
881,2022-05-31,26.3,25.1,93.0,1.1,8.5,8.0,1242013.0,0.0,6359
