,觀測時間(day)
0,2020-01-01
1,2020-01-02
2,2020-01-03
3,2020-01-04
4,2020-01-05
5,2020-01-06
6,2020-01-07
7,2020-01-08
8,2020-01-09
9,2020-01-10
10,2020-01-11
11,2020-01-12
12,2020-01-13
13,2020-01-14
14,2020-01-15
15,2020-01-16
16,2020-01-17
17,2020-01-18
18,2020-01-19
19,2020-01-20
20,2020-01-21
21,2020-01-22
22,2020-01-23
23,2020-01-24
24,2020-01-25
25,2020-01-26
26,2020-01-27
27,2020-01-28
28,2020-01-29
29,2020-01-30
30,2020-01-31
31,2020-02-01
32,2020-02-02
33,2020-02-03
34,2020-02-04
35,2020-02-05
36,2020-02-06
37,2020-02-07
38,2020-02-08
39,2020-02-09
40,2020-02-10
41,2020-02-11
42,2020-02-12
43,2020-02-13
44,2020-02-14
45,2020-02-15
46,2020-02-16
47,2020-02-17
48,2020-02-18
49,2020-02-19
50,2020-02-20
51,2020-02-21
52,2020-02-22
53,2020-02-23
54,2020-02-24
55,2020-02-25
56,2020-02-26
57,2020-02-27
58,2020-02-28
59,2020-02-29
60,2020-03-01
61,2020-03-02
62,2020-03-03
63,2020-03-04
64,2020-03-05
65,2020-03-06
66,2020-03-07
67,2020-03-08
68,2020-03-09
69,2020-03-10
70,2020-03-11
71,2020-03-12
72,2020-03-13
73,2020-03-14
74,2020-03-15
75,2020-03-16
76,2020-03-17
77,2020-03-18
78,2020-03-19
79,2020-03-20
80,2020-03-21
81,2020-03-22
82,2020-03-23
83,2020-03-24
84,2020-03-25
85,2020-03-26
86,2020-03-27
87,2020-03-28
88,2020-03-29
89,2020-03-30
90,2020-03-31
91,2020-04-01
92,2020-04-02
93,2020-04-03
94,2020-04-04
95,2020-04-05
96,2020-04-06
97,2020-04-07
98,2020-04-08
99,2020-04-09
100,2020-04-10
101,2020-04-11
102,2020-04-12
103,2020-04-13
104,2020-04-14
105,2020-04-15
106,2020-04-16
107,2020-04-17
108,2020-04-18
109,2020-04-19
110,2020-04-20
111,2020-04-21
112,2020-04-22
113,2020-04-23
114,2020-04-24
115,2020-04-25
116,2020-04-26
117,2020-04-27
118,2020-04-28
119,2020-04-29
120,2020-04-30
121,2020-05-01
122,2020-05-02
123,2020-05-03
124,2020-05-04
125,2020-05-05
126,2020-05-06
127,2020-05-07
128,2020-05-08
129,2020-05-09
130,2020-05-10
131,2020-05-11
132,2020-05-12
133,2020-05-13
134,2020-05-14
135,2020-05-15
136,2020-05-16
137,2020-05-17
138,2020-05-18
139,2020-05-19
140,2020-05-20
141,2020-05-21
142,2020-05-22
143,2020-05-23
144,2020-05-24
145,2020-05-25
146,2020-05-26
147,2020-05-27
148,2020-05-28
149,2020-05-29
150,2020-05-30
151,2020-05-31
152,2020-06-01
153,2020-06-02
154,2020-06-03
155,2020-06-04
156,2020-06-05
157,2020-06-06
158,2020-06-07
159,2020-06-08
160,2020-06-09
161,2020-06-10
162,2020-06-11
163,2020-06-12
164,2020-06-13
165,2020-06-14
166,2020-06-15
167,2020-06-16
168,2020-06-17
169,2020-06-18
170,2020-06-19
171,2020-06-20
172,2020-06-21
173,2020-06-22
174,2020-06-23
175,2020-06-24
176,2020-06-25
177,2020-06-26
178,2020-06-27
179,2020-06-28
180,2020-06-29
181,2020-06-30
182,2020-07-01
183,2020-07-02
184,2020-07-03
185,2020-07-04
186,2020-07-05
187,2020-07-06
188,2020-07-07
189,2020-07-08
190,2020-07-09
191,2020-07-10
192,2020-07-11
193,2020-07-12
194,2020-07-13
195,2020-07-14
196,2020-07-15
197,2020-07-16
198,2020-07-17
199,2020-07-18
200,2020-07-19
201,2020-07-20
202,2020-07-21
203,2020-07-22
204,2020-07-23
205,2020-07-24
206,2020-07-25
207,2020-07-26
208,2020-07-27
209,2020-07-28
210,2020-07-29
211,2020-07-30
212,2020-07-31
213,2020-08-01
214,2020-08-02
215,2020-08-03
216,2020-08-04
217,2020-08-05
218,2020-08-06
219,2020-08-07
220,2020-08-08
221,2020-08-09
222,2020-08-10
223,2020-08-11
224,2020-08-12
225,2020-08-13
226,2020-08-14
227,2020-08-15
228,2020-08-16
229,2020-08-17
230,2020-08-18
231,2020-08-19
232,2020-08-20
233,2020-08-21
234,2020-08-22
235,2020-08-23
236,2020-08-24
237,2020-08-25
238,2020-08-26
239,2020-08-27
240,2020-08-28
241,2020-08-29
242,2020-08-30
243,2020-08-31
244,2020-09-01
245,2020-09-02
246,2020-09-03
247,2020-09-04
248,2020-09-05
249,2020-09-06
250,2020-09-07
251,2020-09-08
252,2020-09-09
253,2020-09-10
254,2020-09-11
255,2020-09-12
256,2020-09-13
257,2020-09-14
258,2020-09-15
259,2020-09-16
260,2020-09-17
261,2020-09-18
262,2020-09-19
263,2020-09-20
264,2020-09-21
265,2020-09-22
266,2020-09-23
267,2020-09-24
268,2020-09-25
269,2020-09-26
270,2020-09-27
271,2020-09-28
272,2020-09-29
273,2020-09-30
274,2020-10-01
275,2020-10-02
276,2020-10-03
277,2020-10-04
278,2020-10-05
279,2020-10-06
280,2020-10-07
281,2020-10-08
282,2020-10-09
283,2020-10-10
284,2020-10-11
285,2020-10-12
286,2020-10-13
287,2020-10-14
288,2020-10-15
289,2020-10-16
290,2020-10-17
291,2020-10-18
292,2020-10-19
293,2020-10-20
294,2020-10-21
295,2020-10-22
296,2020-10-23
297,2020-10-24
298,2020-10-25
299,2020-10-26
300,2020-10-27
301,2020-10-28
302,2020-10-29
303,2020-10-30
304,2020-10-31
305,2020-11-01
306,2020-11-02
307,2020-11-03
308,2020-11-04
309,2020-11-05
310,2020-11-06
311,2020-11-07
312,2020-11-08
313,2020-11-09
314,2020-11-10
315,2020-11-11
316,2020-11-12
317,2020-11-13
318,2020-11-14
319,2020-11-15
320,2020-11-16
321,2020-11-17
322,2020-11-18
323,2020-11-19
324,2020-11-20
325,2020-11-21
326,2020-11-22
327,2020-11-23
328,2020-11-24
329,2020-11-25
330,2020-11-26
331,2020-11-27
332,2020-11-28
333,2020-11-29
334,2020-11-30
335,2020-12-01
336,2020-12-02
337,2020-12-03
338,2020-12-04
339,2020-12-05
340,2020-12-06
341,2020-12-07
342,2020-12-08
343,2020-12-09
344,2020-12-10
345,2020-12-11
346,2020-12-12
347,2020-12-13
348,2020-12-14
349,2020-12-15
350,2020-12-16
351,2020-12-17
352,2020-12-18
353,2020-12-19
354,2020-12-20
355,2020-12-21
356,2020-12-22
357,2020-12-23
358,2020-12-24
359,2020-12-25
360,2020-12-26
361,2020-12-27
362,2020-12-28
363,2020-12-29
364,2020-12-30
365,2020-12-31
366,2021-01-01
367,2021-01-02
368,2021-01-03
369,2021-01-04
370,2021-01-05
371,2021-01-06
372,2021-01-07
373,2021-01-08
374,2021-01-09
375,2021-01-10
376,2021-01-11
377,2021-01-12
378,2021-01-13
379,2021-01-14
380,2021-01-15
381,2021-01-16
382,2021-01-17
383,2021-01-18
384,2021-01-19
385,2021-01-20
386,2021-01-21
387,2021-01-22
388,2021-01-23
389,2021-01-24
390,2021-01-25
391,2021-01-26
392,2021-01-27
393,2021-01-28
394,2021-01-29
395,2021-01-30
396,2021-01-31
397,2021-02-01
398,2021-02-02
399,2021-02-03
400,2021-02-04
401,2021-02-05
402,2021-02-06
403,2021-02-07
404,2021-02-08
405,2021-02-09
406,2021-02-10
407,2021-02-11
408,2021-02-12
409,2021-02-13
410,2021-02-14
411,2021-02-15
412,2021-02-16
413,2021-02-17
414,2021-02-18
415,2021-02-19
416,2021-02-20
417,2021-02-21
418,2021-02-22
419,2021-02-23
420,2021-02-24
421,2021-02-25
422,2021-02-26
423,2021-02-27
424,2021-02-28
425,2021-03-01
426,2021-03-02
427,2021-03-03
428,2021-03-04
429,2021-03-05
430,2021-03-06
431,2021-03-07
432,2021-03-08
433,2021-03-09
434,2021-03-10
435,2021-03-11
436,2021-03-12
437,2021-03-13
438,2021-03-14
439,2021-03-15
440,2021-03-16
441,2021-03-17
442,2021-03-18
443,2021-03-19
444,2021-03-20
445,2021-03-21
446,2021-03-22
447,2021-03-23
448,2021-03-24
449,2021-03-25
450,2021-03-26
451,2021-03-27
452,2021-03-28
453,2021-03-29
454,2021-03-30
455,2021-03-31
456,2021-04-01
457,2021-04-02
458,2021-04-03
459,2021-04-04
460,2021-04-05
461,2021-04-06
462,2021-04-07
463,2021-04-08
464,2021-04-09
465,2021-04-10
466,2021-04-11
467,2021-04-12
468,2021-04-13
469,2021-04-14
470,2021-04-15
471,2021-04-16
472,2021-04-17
473,2021-04-18
474,2021-04-19
475,2021-04-20
476,2021-04-21
477,2021-04-22
478,2021-04-23
479,2021-04-24
480,2021-04-25
481,2021-04-26
482,2021-04-27
483,2021-04-28
484,2021-04-29
485,2021-04-30
486,2021-05-01
487,2021-05-02
488,2021-05-03
489,2021-05-04
490,2021-05-05
491,2021-05-06
492,2021-05-07
493,2021-05-08
494,2021-05-09
495,2021-05-10
496,2021-05-11
497,2021-05-12
498,2021-05-13
499,2021-05-14
500,2021-05-15
501,2021-05-16
502,2021-05-17
503,2021-05-18
504,2021-05-19
505,2021-05-20
506,2021-05-21
507,2021-05-22
508,2021-05-23
509,2021-05-24
510,2021-05-25
511,2021-05-26
512,2021-05-27
513,2021-05-28
514,2021-05-29
515,2021-05-30
516,2021-05-31
517,2021-06-01
518,2021-06-02
519,2021-06-03
520,2021-06-04
521,2021-06-05
522,2021-06-06
523,2021-06-07
524,2021-06-08
525,2021-06-09
526,2021-06-10
527,2021-06-11
528,2021-06-12
529,2021-06-13
530,2021-06-14
531,2021-06-15
532,2021-06-16
533,2021-06-17
534,2021-06-18
535,2021-06-19
536,2021-06-20
537,2021-06-21
538,2021-06-22
539,2021-06-23
540,2021-06-24
541,2021-06-25
542,2021-06-26
543,2021-06-27
544,2021-06-28
545,2021-06-29
546,2021-06-30
547,2021-07-01
548,2021-07-02
549,2021-07-03
550,2021-07-04
551,2021-07-05
552,2021-07-06
553,2021-07-07
554,2021-07-08
555,2021-07-09
556,2021-07-10
557,2021-07-11
558,2021-07-12
559,2021-07-13
560,2021-07-14
561,2021-07-15
562,2021-07-16
563,2021-07-17
564,2021-07-18
565,2021-07-19
566,2021-07-20
567,2021-07-21
568,2021-07-22
569,2021-07-23
570,2021-07-24
571,2021-07-25
572,2021-07-26
573,2021-07-27
574,2021-07-28
575,2021-07-29
576,2021-07-30
577,2021-07-31
578,2021-08-01
579,2021-08-02
580,2021-08-03
581,2021-08-04
582,2021-08-05
583,2021-08-06
584,2021-08-07
585,2021-08-08
586,2021-08-09
587,2021-08-10
588,2021-08-11
589,2021-08-12
590,2021-08-13
591,2021-08-14
592,2021-08-15
593,2021-08-16
594,2021-08-17
595,2021-08-18
596,2021-08-19
597,2021-08-20
598,2021-08-21
599,2021-08-22
600,2021-08-23
601,2021-08-24
602,2021-08-25
603,2021-08-26
604,2021-08-27
605,2021-08-28
606,2021-08-29
607,2021-08-30
608,2021-08-31
609,2021-09-01
610,2021-09-02
611,2021-09-03
612,2021-09-04
613,2021-09-05
614,2021-09-06
615,2021-09-07
616,2021-09-08
617,2021-09-09
618,2021-09-10
619,2021-09-11
620,2021-09-12
621,2021-09-13
622,2021-09-14
623,2021-09-15
624,2021-09-16
625,2021-09-17
626,2021-09-18
627,2021-09-19
628,2021-09-20
629,2021-09-21
630,2021-09-22
631,2021-09-23
632,2021-09-24
633,2021-09-25
634,2021-09-26
635,2021-09-27
636,2021-09-28
637,2021-09-29
638,2021-09-30
639,2021-10-01
640,2021-10-02
641,2021-10-03
642,2021-10-04
643,2021-10-05
644,2021-10-06
645,2021-10-07
646,2021-10-08
647,2021-10-09
648,2021-10-10
649,2021-10-11
650,2021-10-12
651,2021-10-13
652,2021-10-14
653,2021-10-15
654,2021-10-16
655,2021-10-17
656,2021-10-18
657,2021-10-19
658,2021-10-20
659,2021-10-21
660,2021-10-22
661,2021-10-23
662,2021-10-24
663,2021-10-25
664,2021-10-26
665,2021-10-27
666,2021-10-28
667,2021-10-29
668,2021-10-30
669,2021-10-31
670,2021-11-01
671,2021-11-02
672,2021-11-03
673,2021-11-04
674,2021-11-05
675,2021-11-06
676,2021-11-07
677,2021-11-08
678,2021-11-09
679,2021-11-10
680,2021-11-11
681,2021-11-12
682,2021-11-13
683,2021-11-14
684,2021-11-15
685,2021-11-16
686,2021-11-17
687,2021-11-18
688,2021-11-19
689,2021-11-20
690,2021-11-21
691,2021-11-22
692,2021-11-23
693,2021-11-24
694,2021-11-25
695,2021-11-26
696,2021-11-27
697,2021-11-28
698,2021-11-29
699,2021-11-30
700,2021-12-01
701,2021-12-02
702,2021-12-03
703,2021-12-04
704,2021-12-05
705,2021-12-06
706,2021-12-07
707,2021-12-08
708,2021-12-09
709,2021-12-10
710,2021-12-11
711,2021-12-12
712,2021-12-13
713,2021-12-14
714,2021-12-15
715,2021-12-16
716,2021-12-17
717,2021-12-18
718,2021-12-19
719,2021-12-20
720,2021-12-21
721,2021-12-22
722,2021-12-23
723,2021-12-24
724,2021-12-25
725,2021-12-26
726,2021-12-27
727,2021-12-28
728,2021-12-29
729,2021-12-30
730,2021-12-31
731,2022-01-01
732,2022-01-02
733,2022-01-03
734,2022-01-04
735,2022-01-05
736,2022-01-06
737,2022-01-07
738,2022-01-08
739,2022-01-09
740,2022-01-10
741,2022-01-11
742,2022-01-12
743,2022-01-13
744,2022-01-14
745,2022-01-15
746,2022-01-16
747,2022-01-17
748,2022-01-18
749,2022-01-19
750,2022-01-20
751,2022-01-21
752,2022-01-22
753,2022-01-23
754,2022-01-24
755,2022-01-25
756,2022-01-26
757,2022-01-27
758,2022-01-28
759,2022-01-29
760,2022-01-30
761,2022-01-31
762,2022-02-01
763,2022-02-02
764,2022-02-03
765,2022-02-04
766,2022-02-05
767,2022-02-06
768,2022-02-07
769,2022-02-08
770,2022-02-09
771,2022-02-10
772,2022-02-11
773,2022-02-12
774,2022-02-13
775,2022-02-14
776,2022-02-15
777,2022-02-16
778,2022-02-17
779,2022-02-18
780,2022-02-19
781,2022-02-20
782,2022-02-21
783,2022-02-22
784,2022-02-23
785,2022-02-24
786,2022-02-25
787,2022-02-26
788,2022-02-27
789,2022-02-28
790,2022-03-01
791,2022-03-02
792,2022-03-03
793,2022-03-04
794,2022-03-05
795,2022-03-06
796,2022-03-07
797,2022-03-08
798,2022-03-09
799,2022-03-10
800,2022-03-11
801,2022-03-12
802,2022-03-13
803,2022-03-14
804,2022-03-15
805,2022-03-16
806,2022-03-17
807,2022-03-18
808,2022-03-19
809,2022-03-20
810,2022-03-21
811,2022-03-22
812,2022-03-23
813,2022-03-24
814,2022-03-25
815,2022-03-26
816,2022-03-27
817,2022-03-28
818,2022-03-29
819,2022-03-30
820,2022-03-31
821,2022-04-01
822,2022-04-02
823,2022-04-03
824,2022-04-04
825,2022-04-05
826,2022-04-06
827,2022-04-07
828,2022-04-08
829,2022-04-09
830,2022-04-10
831,2022-04-11
832,2022-04-12
833,2022-04-13
834,2022-04-14
835,2022-04-15
836,2022-04-16
837,2022-04-17
838,2022-04-18
839,2022-04-19
840,2022-04-20
841,2022-04-21
842,2022-04-22
843,2022-04-23
844,2022-04-24
845,2022-04-25
846,2022-04-26
847,2022-04-27
848,2022-04-28
849,2022-04-29
850,2022-04-30
851,2022-05-01
852,2022-05-02
853,2022-05-03
854,2022-05-04
855,2022-05-05
856,2022-05-06
857,2022-05-07
858,2022-05-08
859,2022-05-09
860,2022-05-10
861,2022-05-11
862,2022-05-12
863,2022-05-13
864,2022-05-14
865,2022-05-15
866,2022-05-16
867,2022-05-17
868,2022-05-18
869,2022-05-19
870,2022-05-20
871,2022-05-21
872,2022-05-22
873,2022-05-23
874,2022-05-24
875,2022-05-25
876,2022-05-26
877,2022-05-27
878,2022-05-28
879,2022-05-29
880,2022-05-30
881,2022-05-31
